Date,Open,High,Low,Close,Volume,Change
2008-01-30,3588.0,4126.0,3049.0,3084.0,1744049.0,
2008-01-31,3118.0,3545.0,3092.0,3545.0,424141.0,0.14948119325551223
2008-02-01,4075.0,4075.0,3904.0,4075.0,531862.0,0.14950634696755993
2008-02-04,3673.0,4228.0,3592.0,3870.0,993644.0,-0.05030674846625771
2008-02-05,3835.0,3835.0,3494.0,3733.0,321784.0,-0.035400516795865644
2008-02-11,3605.0,4023.0,3605.0,3751.0,225426.0,0.00482185909456212
2008-02-12,3784.0,3981.0,3750.0,3780.0,125595.0,0.007731271660890382
2008-02-13,3823.0,3972.0,3716.0,3751.0,137618.0,-0.007671957671957719
2008-02-14,3818.0,3818.0,3242.0,3332.0,297684.0,-0.11170354572114105
2008-02-15,3284.0,3357.0,3062.0,3105.0,104299.0,-0.06812725090036009
2008-02-18,3114.0,3246.0,3114.0,3148.0,54155.0,0.013848631239935516
2008-02-19,3161.0,3246.0,2887.0,2918.0,314642.0,-0.07306226175349428
2008-02-20,2904.0,2977.0,2661.0,2661.0,372835.0,-0.08807402330363268
2008-02-21,2674.0,2874.0,2674.0,2708.0,140797.0,0.01766253288237496
2008-02-22,2691.0,2793.0,2580.0,2742.0,119250.0,0.01255539143279183
2008-02-25,2763.0,2981.0,2763.0,2866.0,225775.0,0.04522246535375629
2008-02-26,2896.0,2926.0,2742.0,2768.0,116765.0,-0.03419399860432659
2008-02-27,2776.0,2832.0,2665.0,2691.0,107178.0,-0.027817919075144526
2008-02-28,2738.0,2793.0,2691.0,2742.0,83077.0,0.018952062430323213
2008-02-29,2733.0,2806.0,2597.0,2666.0,66554.0,-0.027716994894237734
2008-03-03,2614.0,2639.0,2524.0,2563.0,51573.0,-0.0386346586646662
2008-03-04,2592.0,2708.0,2558.0,2636.0,35197.0,0.028482247366367508
2008-03-05,2648.0,2648.0,2567.0,2567.0,24318.0,-0.026176024279210952
2008-03-06,2575.0,2635.0,2477.0,2503.0,100619.0,-0.02493182703544994
2008-03-07,2503.0,2503.0,2396.0,2431.0,50673.0,-0.028765481422293293
2008-03-10,2396.0,2605.0,2396.0,2473.0,40243.0,0.01727684080625247
2008-03-11,2400.0,2481.0,2400.0,2443.0,34055.0,-0.012131014961585085
2008-03-12,2524.0,2524.0,2392.0,2396.0,68607.0,-0.019238641015145275
2008-03-13,2404.0,2439.0,2353.0,2354.0,29504.0,-0.017529215358931594
2008-03-14,2409.0,2409.0,2221.0,2255.0,52897.0,-0.04205607476635509
2008-03-17,2263.0,2340.0,2165.0,2324.0,50838.0,0.030598669623059793
2008-03-18,2315.0,2323.0,2225.0,2238.0,16455.0,-0.037005163511187655
2008-03-19,2259.0,2302.0,2221.0,2230.0,24959.0,-0.00357462019660415
2008-03-20,2229.0,2238.0,2161.0,2179.0,17321.0,-0.022869955156950672
2008-03-21,2187.0,2268.0,2178.0,2251.0,26041.0,0.03304268012849931
2008-03-24,2281.0,2507.0,2229.0,2465.0,79260.0,0.09506885828520661
2008-03-25,2460.0,2494.0,2400.0,2435.0,72180.0,-0.012170385395537497
2008-03-26,2481.0,2481.0,2404.0,2409.0,21690.0,-0.010677618069815153
2008-03-27,2456.0,2584.0,2409.0,2503.0,65306.0,0.03902034039020341
2008-03-28,2473.0,2567.0,2434.0,2516.0,46424.0,0.005193767479025224
2008-03-31,2537.0,2588.0,2434.0,2460.0,50152.0,-0.022257551669316422
2008-04-01,2451.0,2516.0,2413.0,2435.0,22968.0,-0.010162601626016232
2008-04-02,2460.0,2498.0,2400.0,2409.0,30777.0,-0.010677618069815153
2008-04-03,2392.0,2464.0,2392.0,2392.0,38510.0,-0.007056870070568655
2008-04-04,2430.0,2430.0,2345.0,2366.0,35712.0,-0.010869565217391353
2008-04-07,2366.0,2413.0,2366.0,2375.0,44209.0,0.0038038884192730382
2008-04-08,2537.0,2729.0,2434.0,2606.0,511756.0,0.09726315789473694
2008-04-10,2639.0,2639.0,2533.0,2533.0,114409.0,-0.02801227935533379
2008-04-11,2562.0,2862.0,2533.0,2777.0,246423.0,0.09632846427161468
2008-04-14,2725.0,2776.0,2648.0,2772.0,64413.0,-0.001800504141159509
2008-04-15,2721.0,2990.0,2703.0,2704.0,184655.0,-0.024531024531024515
2008-04-16,2776.0,3105.0,2768.0,3105.0,323278.0,0.14829881656804744
2008-04-17,3049.0,3571.0,3032.0,3571.0,727632.0,0.15008051529790656
2008-04-18,3848.0,4105.0,3169.0,3170.0,2159830.0,-0.11229347521702604
2008-04-21,3131.0,3391.0,3032.0,3152.0,643349.0,-0.005678233438485836
2008-04-22,3203.0,3622.0,3161.0,3622.0,773052.0,0.1491116751269035
2008-04-23,3985.0,4092.0,3759.0,3874.0,1249881.0,0.0695748205411375
2008-04-24,3938.0,3964.0,3588.0,3759.0,481098.0,-0.02968508002065051
2008-04-25,3844.0,4322.0,3660.0,4323.0,889045.0,0.15003990422984836
2008-04-28,4698.0,4963.0,4493.0,4964.0,610031.0,0.14827665972704152
2008-04-29,5484.0,5655.0,4220.0,4656.0,2998069.0,-0.06204673650282033
2008-04-30,4647.0,5348.0,4510.0,5348.0,2166533.0,0.14862542955326452
2008-05-02,5852.0,6142.0,5219.0,5596.0,1787458.0,0.046372475691847326
2008-05-06,5510.0,6390.0,5348.0,5502.0,2129264.0,-0.016797712651894225
2008-05-07,5638.0,6279.0,5570.0,6151.0,1468690.0,0.11795710650672486
2008-05-08,6159.0,6954.0,6151.0,6407.0,1230228.0,0.04161924890261748
2008-05-09,6561.0,6920.0,5570.0,6108.0,823503.0,-0.04666770719525515
2008-05-13,6339.0,6621.0,5484.0,5528.0,814445.0,-0.09495743287491809
2008-05-14,5536.0,5604.0,4955.0,5041.0,873140.0,-0.0880969609261939
2008-05-15,5125.0,5322.0,4724.0,4955.0,739935.0,-0.017060107121602885
2008-05-16,4938.0,5254.0,4784.0,4929.0,728586.0,-0.005247225025227009
2008-05-19,4997.0,5390.0,4946.0,5100.0,1284922.0,0.0346926354230066
2008-05-20,5185.0,5194.0,4340.0,4340.0,683220.0,-0.14901960784313728
2008-05-21,4186.0,4250.0,3690.0,3691.0,676420.0,-0.14953917050691246
2008-05-22,3579.0,3882.0,3502.0,3772.0,496033.0,0.021945272283933948
2008-05-23,3891.0,3912.0,3442.0,3631.0,403264.0,-0.03738069989395543
2008-05-26,3669.0,3669.0,3366.0,3503.0,302791.0,-0.035251996695125354
2008-05-27,3502.0,4028.0,3460.0,4028.0,1496368.0,0.14987153868113046
2008-05-28,4105.0,4570.0,4032.0,4101.0,1349147.0,0.01812313803376364
2008-05-29,4224.0,4331.0,3780.0,3832.0,541806.0,-0.06559375762009267
2008-05-30,3801.0,3921.0,3707.0,3785.0,209777.0,-0.012265135699373708
2008-06-02,3741.0,3844.0,3571.0,3639.0,159798.0,-0.038573315719947154
2008-06-03,3673.0,3673.0,3532.0,3563.0,154506.0,-0.020884858477603685
2008-06-04,3579.0,4058.0,3571.0,3909.0,585287.0,0.09710917765927585
2008-06-05,3908.0,3947.0,3763.0,3772.0,177464.0,-0.03504732668201582
2008-06-09,3613.0,3635.0,3502.0,3558.0,121225.0,-0.05673382820784734
2008-06-10,3613.0,3818.0,3558.0,3789.0,268557.0,0.06492411467116366
2008-06-11,3874.0,3985.0,3434.0,3507.0,314341.0,-0.07442596991290573
2008-06-12,3460.0,3541.0,3395.0,3400.0,81507.0,-0.030510407755916735
2008-06-13,3460.0,3460.0,3161.0,3208.0,92871.0,-0.05647058823529416
2008-06-16,3216.0,3306.0,3118.0,3212.0,120296.0,0.0012468827930174342
2008-06-17,3212.0,3485.0,3143.0,3340.0,131886.0,0.03985056039850554
2008-06-18,3280.0,3630.0,3280.0,3417.0,213161.0,0.023053892215568972
2008-06-19,3417.0,3609.0,3336.0,3366.0,85087.0,-0.014925373134328401
2008-06-20,3425.0,3477.0,3203.0,3259.0,70418.0,-0.03178847296494358
2008-06-23,3237.0,3408.0,3165.0,3187.0,36195.0,-0.02209266646210495
2008-06-24,3178.0,3237.0,3067.0,3076.0,38821.0,-0.034828992783181634
2008-06-25,3032.0,3152.0,3032.0,3076.0,44866.0,0.0
2008-06-26,3075.0,3297.0,3075.0,3101.0,40796.0,0.00812743823146933
2008-06-27,3058.0,3152.0,2810.0,2819.0,63562.0,-0.09093840696549504
2008-06-30,2819.0,2883.0,2691.0,2777.0,48121.0,-0.01489890031926211
2008-07-01,2990.0,2990.0,2691.0,2691.0,28203.0,-0.030968671227943778
2008-07-02,2733.0,2733.0,2460.0,2542.0,55170.0,-0.055369751021924984
2008-07-03,2562.0,2562.0,2366.0,2473.0,30766.0,-0.027143981117230487
2008-07-04,2473.0,2558.0,2439.0,2439.0,13822.0,-0.013748483623129748
2008-07-07,2404.0,2511.0,2379.0,2439.0,30613.0,0.0
2008-07-08,2439.0,2477.0,2255.0,2392.0,32116.0,-0.01927019270192698
2008-07-09,2473.0,2516.0,2366.0,2366.0,36453.0,-0.010869565217391353
2008-07-10,2272.0,2434.0,2272.0,2435.0,9219.0,0.029163144547760034
2008-07-11,2511.0,2631.0,2464.0,2546.0,35847.0,0.04558521560574946
2008-07-14,2516.0,2661.0,2490.0,2648.0,43527.0,0.04006284367635504
2008-07-15,2648.0,2682.0,2422.0,2422.0,34930.0,-0.08534743202416917
2008-07-16,2550.0,2550.0,2332.0,2332.0,29177.0,-0.03715937241948808
2008-07-17,2451.0,2494.0,2353.0,2426.0,27938.0,0.04030874785591765
2008-07-18,2469.0,2507.0,2357.0,2384.0,22771.0,-0.01731244847485569
2008-07-21,2477.0,2575.0,2400.0,2559.0,59700.0,0.07340604026845643
2008-07-22,2558.0,2558.0,2460.0,2499.0,20929.0,-0.023446658851113744
2008-07-23,2503.0,2870.0,2422.0,2802.0,180335.0,0.12124849939976001
2008-07-24,2802.0,2806.0,2669.0,2713.0,47018.0,-0.03176302640970741
2008-07-25,2656.0,2691.0,2584.0,2606.0,45186.0,-0.039439734611131594
2008-07-28,2618.0,2644.0,2545.0,2567.0,31159.0,-0.014965464313123511
2008-07-29,2537.0,2661.0,2400.0,2418.0,64124.0,-0.05804440981690695
2008-07-30,2456.0,2520.0,2456.0,2469.0,26843.0,0.021091811414392092
2008-07-31,2554.0,2725.0,2439.0,2520.0,107135.0,0.020656136087484844
2008-08-01,2541.0,2605.0,2490.0,2512.0,28305.0,-0.0031746031746031633
2008-08-04,2528.0,2648.0,2528.0,2597.0,36135.0,0.03383757961783429
2008-08-05,2601.0,2985.0,2601.0,2986.0,205520.0,0.14978821717366197
2008-08-06,3161.0,3430.0,3161.0,3430.0,238564.0,0.1486939048894842
2008-08-07,3741.0,3801.0,3370.0,3665.0,760289.0,0.06851311953352779
2008-08-08,3673.0,3929.0,3502.0,3815.0,561511.0,0.04092769440654842
2008-08-11,3900.0,3908.0,3417.0,3417.0,487236.0,-0.10432503276539973
2008-08-12,3383.0,3417.0,3199.0,3246.0,293207.0,-0.05004389815627741
2008-08-13,3301.0,3485.0,2985.0,3016.0,398644.0,-0.070856438693777
2008-08-14,3049.0,3370.0,2998.0,3204.0,288258.0,0.06233421750663126
2008-08-18,3203.0,3216.0,3020.0,3152.0,115634.0,-0.01622971285892638
2008-08-19,3152.0,3588.0,3092.0,3332.0,726752.0,0.05710659898477166
2008-08-20,3272.0,3323.0,3037.0,3037.0,217522.0,-0.08853541416566624
2008-08-21,3101.0,3186.0,3011.0,3157.0,167699.0,0.039512676983865624
2008-08-22,3233.0,3460.0,2686.0,2687.0,599960.0,-0.14887551472917326
2008-08-25,2622.0,2708.0,2298.0,2298.0,202242.0,-0.14477112020841088
2008-08-26,2336.0,2473.0,2306.0,2341.0,151728.0,0.01871192341166239
2008-08-27,2272.0,2503.0,2272.0,2371.0,95042.0,0.012815036309269612
2008-08-28,2357.0,2451.0,2340.0,2354.0,66226.0,-0.00716997047659218
2008-08-29,2357.0,2392.0,2187.0,2187.0,59197.0,-0.0709430756159728
2008-09-01,2187.0,2255.0,1982.0,2050.0,58411.0,-0.06264288980338362
2008-09-02,2011.0,2123.0,1742.0,1743.0,70646.0,-0.14975609756097563
2008-09-03,1708.0,1930.0,1623.0,1854.0,78549.0,0.0636833046471601
2008-09-04,1960.0,2016.0,1853.0,1965.0,53000.0,0.0598705501618122
2008-09-05,1964.0,2033.0,1836.0,2012.0,39432.0,0.02391857506361328
2008-09-08,2084.0,2221.0,2084.0,2200.0,26643.0,0.09343936381709739
2008-09-09,2229.0,2306.0,2110.0,2247.0,34943.0,0.021363636363636473
2008-09-10,2289.0,2289.0,2110.0,2110.0,10526.0,-0.06097018246550956
2008-09-11,2135.0,2251.0,2110.0,2161.0,5552.0,0.024170616113744048
2008-09-12,2182.0,2259.0,2101.0,2187.0,13778.0,0.012031466913466016
2008-09-16,1896.0,2007.0,1866.0,1867.0,27116.0,-0.1463191586648377
2008-09-17,1879.0,2029.0,1879.0,1948.0,17866.0,0.0433851098018212
2008-09-18,1922.0,1935.0,1802.0,1909.0,13287.0,-0.020020533880903524
2008-09-19,2063.0,2063.0,1922.0,1991.0,9279.0,0.04295442640125713
2008-09-22,2024.0,2093.0,1960.0,2059.0,21900.0,0.03415369161225512
2008-09-23,2046.0,2135.0,1960.0,1982.0,22893.0,-0.037396794560466295
2008-09-24,1982.0,2058.0,1964.0,1974.0,18649.0,-0.004036326942482349
2008-09-25,2003.0,2024.0,1964.0,2020.0,5116.0,0.023302938196555267
2008-09-26,2011.0,2063.0,1922.0,1922.0,13812.0,-0.04851485148514856
2008-09-29,1922.0,2041.0,1892.0,1892.0,15928.0,-0.015608740894901163
2008-09-30,1892.0,1892.0,1785.0,1854.0,19041.0,-0.02008456659619451
2008-10-01,1896.0,1896.0,1815.0,1815.0,7564.0,-0.021035598705501646
2008-10-02,1939.0,1939.0,1794.0,1841.0,12890.0,0.014325068870523427
2008-10-06,1905.0,1905.0,1631.0,1811.0,12563.0,-0.01629549158066268
2008-10-07,1691.0,1789.0,1631.0,1781.0,5072.0,-0.01656543346217554
2008-10-08,1704.0,1768.0,1546.0,1683.0,7202.0,-0.055025266704098796
2008-10-09,1469.0,1683.0,1469.0,1576.0,3833.0,-0.06357694592988705
2008-10-10,1529.0,1610.0,1341.0,1452.0,13906.0,-0.07868020304568524
2008-10-13,1524.0,1542.0,1422.0,1452.0,28560.0,0.0
2008-10-14,1571.0,1653.0,1507.0,1640.0,39098.0,0.12947658402203865
2008-10-15,1554.0,1618.0,1507.0,1598.0,23713.0,-0.025609756097561
2008-10-16,1495.0,1584.0,1366.0,1397.0,14935.0,-0.12578222778473092
2008-10-17,1507.0,1507.0,1191.0,1192.0,30993.0,-0.14674302075876877
2008-10-20,1157.0,1255.0,1157.0,1235.0,9571.0,0.036073825503355694
2008-10-21,1251.0,1294.0,1234.0,1269.0,13194.0,0.027530364372469585
2008-10-22,1264.0,1298.0,1178.0,1252.0,1531.0,-0.013396375098502777
2008-10-23,1196.0,1196.0,1067.0,1098.0,27761.0,-0.1230031948881789
2008-10-24,1025.0,1183.0,935.0,948.0,23322.0,-0.13661202185792354
2008-10-27,978.0,978.0,807.0,820.0,26921.0,-0.13502109704641352
2008-10-28,939.0,939.0,717.0,931.0,15195.0,0.13536585365853648
2008-10-29,901.0,1008.0,794.0,824.0,32013.0,-0.1149301825993555
2008-10-30,828.0,944.0,828.0,944.0,16861.0,0.14563106796116498
2008-10-31,969.0,1025.0,905.0,1025.0,7551.0,0.08580508474576276
2008-11-03,1025.0,1127.0,1025.0,1111.0,17934.0,0.08390243902439032
2008-11-04,1110.0,1136.0,1089.0,1123.0,14307.0,0.01080108010801073
2008-11-05,1123.0,1260.0,1085.0,1141.0,56024.0,0.01602849510240434
2008-11-06,1153.0,1153.0,969.0,970.0,16158.0,-0.1498685363716039
2008-11-07,969.0,1016.0,939.0,940.0,9754.0,-0.030927835051546393
2008-11-10,948.0,1016.0,948.0,1017.0,16064.0,0.08191489361702131
2008-11-11,952.0,1020.0,935.0,1012.0,8752.0,-0.004916420845624381
2008-11-12,982.0,1012.0,973.0,1008.0,10577.0,-0.0039525691699604515
2008-11-13,1008.0,1008.0,935.0,987.0,7903.0,-0.02083333333333337
2008-11-14,1046.0,1046.0,952.0,1000.0,1827.0,0.01317122593718345
2008-11-17,999.0,1008.0,956.0,1008.0,4263.0,0.008000000000000007
2008-11-18,1025.0,1025.0,956.0,965.0,6875.0,-0.04265873015873012
2008-11-19,939.0,982.0,845.0,914.0,29328.0,-0.0528497409326425
2008-11-20,858.0,978.0,828.0,850.0,18842.0,-0.07002188183807445
2008-11-21,867.0,879.0,743.0,880.0,3996.0,0.03529411764705892
2008-11-24,879.0,956.0,837.0,889.0,2263.0,0.010227272727272751
2008-11-25,935.0,935.0,824.0,824.0,39567.0,-0.07311586051743535
2008-11-26,862.0,862.0,820.0,854.0,12528.0,0.03640776699029136
2008-11-27,862.0,905.0,841.0,850.0,14729.0,-0.004683840749414525
2008-11-28,854.0,879.0,824.0,854.0,14704.0,0.004705882352941115
2008-12-01,858.0,892.0,854.0,893.0,23955.0,0.04566744730679151
2008-12-02,850.0,879.0,828.0,859.0,25875.0,-0.03807390817469203
2008-12-03,892.0,897.0,850.0,850.0,16665.0,-0.010477299185098987
2008-12-04,854.0,909.0,845.0,871.0,9699.0,0.024705882352941133
2008-12-05,888.0,999.0,867.0,1000.0,46202.0,0.14810562571756591
2008-12-08,1149.0,1149.0,1085.0,1149.0,57200.0,0.14900000000000002
2008-12-09,1225.0,1298.0,1050.0,1119.0,205260.0,-0.026109660574412552
2008-12-10,1102.0,1285.0,1102.0,1286.0,123822.0,0.14924039320822158
2008-12-11,1319.0,1477.0,1272.0,1478.0,122813.0,0.1493001555209954
2008-12-12,1486.0,1512.0,1302.0,1418.0,69334.0,-0.04059539918809196
2008-12-15,1418.0,1627.0,1345.0,1628.0,118789.0,0.14809590973201692
2008-12-16,1648.0,1836.0,1542.0,1589.0,78693.0,-0.023955773955773974
2008-12-17,1597.0,1691.0,1460.0,1469.0,59115.0,-0.07551919446192579
2008-12-18,1460.0,1460.0,1268.0,1290.0,90335.0,-0.12185159972770587
2008-12-19,1311.0,1435.0,1268.0,1290.0,163681.0,0.0
2008-12-22,1332.0,1396.0,1281.0,1307.0,38402.0,0.01317829457364339
2008-12-23,1230.0,1358.0,1153.0,1153.0,29742.0,-0.11782708492731442
2008-12-24,1213.0,1213.0,1063.0,1196.0,28743.0,0.037294015611448295
2008-12-26,1178.0,1272.0,1178.0,1222.0,11611.0,0.021739130434782705
2008-12-29,1281.0,1281.0,1166.0,1200.0,3143.0,-0.018003273322422242
2008-12-30,1200.0,1225.0,1127.0,1145.0,49773.0,-0.04583333333333328
2009-01-02,1144.0,1315.0,1119.0,1316.0,92385.0,0.14934497816593884
2009-01-05,1358.0,1405.0,1290.0,1320.0,144578.0,0.003039513677811634
2009-01-06,1358.0,1477.0,1337.0,1393.0,50882.0,0.05530303030303041
2009-01-07,1375.0,1413.0,1349.0,1367.0,24918.0,-0.01866475233309406
2009-01-08,1366.0,1495.0,1324.0,1371.0,34256.0,0.002926115581565414
2009-01-09,1371.0,1529.0,1366.0,1397.0,38826.0,0.018964259664478567
2009-01-12,1375.0,1422.0,1324.0,1363.0,18474.0,-0.024337866857551904
2009-01-13,1366.0,1409.0,1255.0,1410.0,17766.0,0.034482758620689724
2009-01-14,1426.0,1452.0,1358.0,1358.0,19357.0,-0.03687943262411353
2009-01-15,1349.0,1349.0,1238.0,1260.0,23096.0,-0.07216494845360821
2009-01-16,1260.0,1379.0,1213.0,1264.0,16787.0,0.0031746031746031633
2009-01-19,1315.0,1341.0,1251.0,1290.0,12836.0,0.020569620253164667
2009-01-20,1290.0,1315.0,1153.0,1243.0,15244.0,-0.0364341085271318
2009-01-21,1264.0,1401.0,1157.0,1290.0,36722.0,0.037811745776347605
2009-01-22,1349.0,1349.0,1264.0,1277.0,23993.0,-0.010077519379844913
2009-01-23,1247.0,1465.0,1247.0,1465.0,207813.0,0.14722004698512148
2009-01-28,1567.0,1640.0,1460.0,1504.0,305917.0,0.02662116040955631
2009-01-29,1486.0,1580.0,1465.0,1504.0,99059.0,0.0
2009-01-30,1486.0,1486.0,1371.0,1401.0,59637.0,-0.06848404255319152
2009-02-02,1405.0,1452.0,1366.0,1431.0,21393.0,0.021413276231263323
2009-02-03,1401.0,1448.0,1375.0,1444.0,44103.0,0.009084556254367548
2009-02-04,1477.0,1524.0,1426.0,1435.0,37039.0,-0.006232686980609414
2009-02-05,1435.0,1435.0,1366.0,1367.0,70260.0,-0.04738675958188154
2009-02-06,1413.0,1413.0,1358.0,1384.0,34323.0,0.012435991221653175
2009-02-09,1443.0,1452.0,1328.0,1397.0,56226.0,0.009393063583815087
2009-02-10,1396.0,1529.0,1396.0,1465.0,51807.0,0.04867573371510381
2009-02-11,1503.0,1503.0,1384.0,1397.0,59224.0,-0.04641638225255973
2009-02-12,1405.0,1405.0,1319.0,1320.0,51206.0,-0.055118110236220486
2009-02-13,1294.0,1349.0,1268.0,1307.0,29431.0,-0.009848484848484884
2009-02-16,1285.0,1384.0,1281.0,1337.0,40885.0,0.022953328232593773
2009-02-17,1337.0,1366.0,1225.0,1243.0,42253.0,-0.0703066566940912
2009-02-18,1196.0,1264.0,1196.0,1205.0,22396.0,-0.03057119871279168
2009-02-19,1268.0,1307.0,1153.0,1299.0,25018.0,0.07800829875518667
2009-02-20,1294.0,1294.0,1106.0,1162.0,32333.0,-0.10546574287913779
2009-02-23,1110.0,1196.0,1110.0,1192.0,10449.0,0.025817555938037806
2009-02-24,1153.0,1178.0,1093.0,1170.0,8918.0,-0.01845637583892612
2009-02-25,1170.0,1213.0,1093.0,1145.0,16917.0,-0.021367521367521403
2009-02-26,1136.0,1230.0,1114.0,1200.0,10356.0,0.048034934497816595
2009-02-27,1170.0,1238.0,1136.0,1188.0,4977.0,-0.010000000000000009
2009-03-02,1187.0,1187.0,1119.0,1170.0,8780.0,-0.015151515151515138
2009-03-03,1119.0,1345.0,1097.0,1346.0,439398.0,0.15042735042735034
2009-03-04,1366.0,1409.0,1260.0,1346.0,300914.0,0.0
2009-03-05,1375.0,1422.0,1319.0,1350.0,191446.0,0.002971768202080227
2009-03-06,1324.0,1345.0,1170.0,1170.0,73539.0,-0.1333333333333333
2009-03-09,1187.0,1234.0,1149.0,1179.0,52383.0,0.007692307692307665
2009-03-10,1178.0,1200.0,1149.0,1200.0,72737.0,0.01781170483460559
2009-03-11,1213.0,1379.0,1200.0,1380.0,395753.0,0.1499999999999999
2009-03-12,1366.0,1486.0,1324.0,1324.0,184231.0,-0.04057971014492756
2009-03-13,1341.0,1426.0,1324.0,1354.0,84708.0,0.0226586102719033
2009-03-16,1375.0,1469.0,1371.0,1427.0,90998.0,0.053914327917282234
2009-03-17,1477.0,1503.0,1409.0,1431.0,54745.0,0.002803083391730965
2009-03-18,1435.0,1473.0,1354.0,1397.0,84594.0,-0.02375960866526905
2009-03-19,1401.0,1606.0,1371.0,1606.0,246715.0,0.14960629921259838
2009-03-20,1674.0,1836.0,1597.0,1606.0,493402.0,0.0
2009-03-23,1601.0,1614.0,1529.0,1563.0,71641.0,-0.02677459526774595
2009-03-24,1606.0,1747.0,1563.0,1615.0,102965.0,0.033269353806781865
2009-03-25,1648.0,1695.0,1563.0,1572.0,72869.0,-0.026625386996903977
2009-03-26,1580.0,1606.0,1542.0,1589.0,55995.0,0.010814249363867656
2009-03-27,1623.0,1648.0,1571.0,1623.0,55802.0,0.021397105097545666
2009-03-30,1648.0,1665.0,1589.0,1598.0,40821.0,-0.015403573629081957
2009-03-31,1653.0,1653.0,1567.0,1576.0,39069.0,-0.013767209011264048
2009-04-01,1589.0,1657.0,1567.0,1585.0,27762.0,0.005710659898477077
2009-04-02,1601.0,1623.0,1554.0,1572.0,31093.0,-0.008201892744479466
2009-04-03,1610.0,1678.0,1571.0,1623.0,46465.0,0.03244274809160297
2009-04-06,1631.0,1794.0,1614.0,1717.0,74434.0,0.057917436845348114
2009-04-07,1751.0,1751.0,1648.0,1726.0,36803.0,0.005241700640652214
2009-04-08,1725.0,1725.0,1631.0,1649.0,29338.0,-0.04461181923522595
2009-04-09,1653.0,1777.0,1648.0,1751.0,70261.0,0.061855670103092786
2009-04-10,1789.0,1806.0,1708.0,1739.0,57153.0,-0.006853226727584261
2009-04-13,1777.0,1781.0,1623.0,1709.0,76723.0,-0.017251293847038496
2009-04-14,1781.0,1964.0,1712.0,1965.0,167866.0,0.14979520187244
2009-04-15,2071.0,2259.0,1900.0,1965.0,466882.0,0.0
2009-04-16,2007.0,2114.0,1922.0,1965.0,175220.0,0.0
2009-04-17,2050.0,2050.0,1888.0,1897.0,76304.0,-0.03460559796437657
2009-04-20,1939.0,1939.0,1815.0,1837.0,37063.0,-0.03162888771744865
2009-04-21,1875.0,1875.0,1794.0,1837.0,13116.0,0.0
2009-04-22,1922.0,1960.0,1815.0,1931.0,55335.0,0.051170386499727716
2009-04-23,1977.0,1990.0,1905.0,1982.0,24029.0,0.02641118591403413
2009-04-24,1964.0,2110.0,1879.0,1922.0,35047.0,-0.030272452068617506
2009-04-27,1930.0,1935.0,1785.0,1880.0,37402.0,-0.02185223725286156
2009-04-28,1879.0,1905.0,1717.0,1721.0,26519.0,-0.08457446808510638
2009-04-29,1712.0,1785.0,1631.0,1743.0,40782.0,0.01278326554328868
2009-04-30,1802.0,1802.0,1738.0,1743.0,24054.0,0.0
2009-05-04,1738.0,1789.0,1704.0,1768.0,21981.0,0.014343086632243152
2009-05-06,1777.0,2033.0,1768.0,1905.0,357461.0,0.07748868778280538
2009-05-07,1913.0,1913.0,1781.0,1811.0,53607.0,-0.04934383202099735
2009-05-08,1777.0,1823.0,1708.0,1764.0,64006.0,-0.025952512424075147
2009-05-11,1764.0,2024.0,1764.0,2025.0,262766.0,0.1479591836734695
2009-05-12,1964.0,2033.0,1909.0,1927.0,235429.0,-0.04839506172839503
2009-05-13,1943.0,1994.0,1858.0,1939.0,76236.0,0.0062272963155163286
2009-05-14,1862.0,1930.0,1725.0,1760.0,98230.0,-0.09231562661165549
2009-05-15,1798.0,1802.0,1759.0,1777.0,61603.0,0.009659090909091006
2009-05-18,1794.0,1879.0,1768.0,1845.0,74445.0,0.03826674169949351
2009-05-19,1879.0,1960.0,1836.0,1875.0,121287.0,0.016260162601626105
2009-05-20,1853.0,1905.0,1836.0,1867.0,34150.0,-0.004266666666666641
2009-05-21,1879.0,1956.0,1836.0,1897.0,54833.0,0.016068559185859588
2009-05-22,1960.0,2007.0,1883.0,1909.0,82492.0,0.00632577754348973
2009-05-25,1939.0,1943.0,1631.0,1845.0,72806.0,-0.03352540597171294
2009-05-26,1823.0,1866.0,1742.0,1751.0,49982.0,-0.050948509485094884
2009-05-27,1798.0,2011.0,1798.0,2012.0,318715.0,0.14905768132495711
2009-05-28,1917.0,2007.0,1794.0,1914.0,226917.0,-0.04870775347912526
2009-05-29,1947.0,2195.0,1896.0,2097.0,218465.0,0.09561128526645768
2009-06-01,2054.0,2195.0,1956.0,1991.0,160996.0,-0.05054840247973291
2009-06-02,2016.0,2285.0,1994.0,2149.0,384072.0,0.07935710698141629
2009-06-03,2174.0,2464.0,2088.0,2354.0,238516.0,0.09539320614239188
2009-06-04,2413.0,2703.0,2315.0,2670.0,349666.0,0.13423959218351733
2009-06-05,2622.0,2622.0,2272.0,2273.0,209997.0,-0.148689138576779
2009-06-08,2221.0,2285.0,2093.0,2157.0,254872.0,-0.05103387593488784
2009-06-09,2161.0,2349.0,2118.0,2119.0,179031.0,-0.0176170607324988
2009-06-10,2127.0,2148.0,1982.0,1982.0,59352.0,-0.0646531382727702
2009-06-11,1922.0,1982.0,1905.0,1931.0,55277.0,-0.02573158425832489
2009-06-12,1939.0,2007.0,1909.0,1948.0,24805.0,0.008803728638011377
2009-06-15,2024.0,2024.0,1922.0,1982.0,43523.0,0.017453798767967044
2009-06-16,1964.0,1999.0,1828.0,1880.0,88369.0,-0.05146316851664989
2009-06-17,1913.0,2161.0,1836.0,2161.0,401098.0,0.149468085106383
2009-06-18,2131.0,2135.0,1960.0,2038.0,256244.0,-0.056918093475242904
2009-06-19,2054.0,2076.0,1939.0,1944.0,79056.0,-0.046123650637880265
2009-06-22,1935.0,1969.0,1858.0,1909.0,47434.0,-0.01800411522633749
2009-06-23,1845.0,1862.0,1725.0,1734.0,75719.0,-0.09167103195390258
2009-06-24,1734.0,1798.0,1717.0,1734.0,28159.0,0.0
2009-06-25,1742.0,1811.0,1734.0,1764.0,25399.0,0.01730103806228378
2009-06-26,1768.0,1832.0,1751.0,1751.0,14010.0,-0.007369614512471645
2009-06-29,1781.0,1781.0,1665.0,1696.0,40015.0,-0.03141062250142779
2009-06-30,1742.0,1742.0,1648.0,1700.0,22727.0,0.002358490566037652
2009-07-01,1751.0,1751.0,1657.0,1696.0,8806.0,-0.0023529411764705577
2009-07-02,1687.0,1759.0,1674.0,1734.0,25006.0,0.022405660377358583
2009-07-03,1730.0,1751.0,1700.0,1751.0,13786.0,0.009803921568627416
2009-07-06,1721.0,1789.0,1721.0,1781.0,13291.0,0.01713306681896065
2009-07-07,1811.0,1811.0,1712.0,1764.0,24111.0,-0.009545199326221221
2009-07-08,1785.0,1798.0,1712.0,1756.0,22320.0,-0.0045351473922902175
2009-07-09,1794.0,1875.0,1785.0,1794.0,41479.0,0.021640091116173155
2009-07-10,1892.0,1892.0,1777.0,1781.0,13186.0,-0.007246376811594235
2009-07-13,1819.0,1823.0,1751.0,1777.0,9422.0,-0.002245929253228529
2009-07-14,1811.0,1811.0,1708.0,1734.0,20370.0,-0.024198086662915008
2009-07-15,1742.0,1862.0,1708.0,1786.0,31670.0,0.029988465974625234
2009-07-16,1794.0,1870.0,1789.0,1790.0,28606.0,0.002239641657334923
2009-07-17,1794.0,2054.0,1794.0,2055.0,368521.0,0.14804469273743015
2009-07-20,2080.0,2165.0,1952.0,2033.0,613786.0,-0.010705596107056015
2009-07-21,2050.0,2332.0,2007.0,2072.0,247248.0,0.01918347270044274
2009-07-22,2033.0,2067.0,1879.0,1880.0,134469.0,-0.0926640926640927
2009-07-23,1896.0,1947.0,1832.0,1867.0,58000.0,-0.006914893617021245
2009-07-24,1870.0,1926.0,1811.0,1811.0,54685.0,-0.029994643813604727
2009-07-27,1832.0,1905.0,1802.0,1901.0,35926.0,0.049696300386526726
2009-07-28,2182.0,2182.0,2182.0,2183.0,61802.0,0.1483429773803262
2009-07-29,2507.0,2507.0,2507.0,2507.0,12689.0,0.14841960604672466
2009-07-30,2883.0,2883.0,2883.0,2883.0,10373.0,0.14998005584363772
2009-07-31,3314.0,3314.0,3314.0,3315.0,261738.0,0.1498439125910509
2009-08-03,3630.0,3810.0,3536.0,3810.0,1203522.0,0.1493212669683257
2009-08-04,3878.0,4147.0,3613.0,4015.0,1260199.0,0.0538057742782152
2009-08-05,4036.0,4036.0,3673.0,3896.0,404559.0,-0.029638854296388573
2009-08-06,3853.0,3882.0,3588.0,3836.0,354387.0,-0.015400410677618104
2009-08-07,3741.0,3942.0,3609.0,3759.0,620411.0,-0.02007299270072993
2009-08-10,3806.0,3823.0,3699.0,3742.0,248143.0,-0.0045224793828145815
2009-08-11,3707.0,4297.0,3571.0,3571.0,809005.0,-0.04569748797434525
2009-08-12,3425.0,3507.0,3203.0,3366.0,609259.0,-0.05740688882665923
2009-08-13,3434.0,3464.0,3331.0,3358.0,279949.0,-0.002376708259061222
2009-08-14,3442.0,3494.0,3255.0,3328.0,211186.0,-0.008933889219773672
2009-08-17,3306.0,3353.0,3156.0,3157.0,140540.0,-0.051382211538461564
2009-08-18,3092.0,3391.0,3088.0,3144.0,267528.0,-0.004117833386126035
2009-08-19,3186.0,3323.0,2849.0,2879.0,215725.0,-0.08428753180661575
2009-08-20,2879.0,3020.0,2776.0,2930.0,158452.0,0.01771448419590138
2009-08-21,2866.0,2926.0,2716.0,2777.0,139211.0,-0.05221843003412974
2009-08-24,2776.0,2793.0,2601.0,2725.0,118465.0,-0.018725243068059005
2009-08-25,2746.0,2938.0,2631.0,2828.0,189640.0,0.03779816513761469
2009-08-26,2815.0,2896.0,2507.0,2567.0,158667.0,-0.09229137199434234
2009-08-27,2631.0,2678.0,2562.0,2640.0,96665.0,0.028437865212310065
2009-08-28,2691.0,2759.0,2490.0,2576.0,117451.0,-0.024242424242424288
2009-08-31,2545.0,2639.0,2417.0,2640.0,135343.0,0.024844720496894457
2009-09-01,2682.0,3032.0,2652.0,2909.0,745570.0,0.10189393939393931
2009-09-02,2810.0,2836.0,2674.0,2811.0,157299.0,-0.033688552767274005
2009-09-03,2840.0,2844.0,2686.0,2802.0,91361.0,-0.0032017075773745907
2009-09-04,3054.0,3220.0,2879.0,3221.0,521305.0,0.1495360456816559
2009-09-07,3425.0,3703.0,2951.0,2952.0,1185299.0,-0.08351443651040047
2009-09-08,2951.0,2955.0,2550.0,2589.0,494845.0,-0.12296747967479671
2009-09-09,2588.0,2665.0,2375.0,2375.0,276494.0,-0.08265739667825411
2009-09-10,2375.0,2447.0,2336.0,2422.0,115688.0,0.01978947368421058
2009-09-11,2422.0,2516.0,2319.0,2460.0,98697.0,0.015689512799339278
2009-09-14,2477.0,2486.0,2298.0,2358.0,92566.0,-0.04146341463414638
2009-09-15,2383.0,2443.0,2345.0,2426.0,48249.0,0.028837998303647083
2009-09-16,2434.0,2439.0,2323.0,2349.0,66167.0,-0.03173948887056888
2009-09-17,2349.0,2362.0,2238.0,2285.0,82819.0,-0.027245636441038723
2009-09-18,2285.0,2353.0,2225.0,2294.0,47640.0,0.003938730853391581
2009-09-21,2310.0,2328.0,2251.0,2285.0,38684.0,-0.003923278116826467
2009-09-22,2285.0,2353.0,2242.0,2328.0,51124.0,0.018818380743982566
2009-09-23,2349.0,2562.0,2285.0,2409.0,205918.0,0.03479381443298979
2009-09-24,2473.0,2473.0,2238.0,2238.0,96745.0,-0.07098381070983806
2009-09-25,2238.0,2285.0,2123.0,2123.0,43488.0,-0.05138516532618409
2009-09-28,2170.0,2170.0,2024.0,2025.0,48447.0,-0.04616109279321712
2009-09-29,2033.0,2063.0,1982.0,1991.0,36952.0,-0.016790123456790096
2009-09-30,1964.0,2127.0,1922.0,2050.0,60110.0,0.02963335007533896
2009-10-01,2050.0,2071.0,1943.0,1952.0,38708.0,-0.04780487804878053
2009-10-05,1947.0,1977.0,1909.0,1965.0,27574.0,0.006659836065573854
2009-10-06,2041.0,2041.0,1943.0,1961.0,33583.0,-0.0020356234096692294
2009-10-07,2229.0,2251.0,2016.0,2251.0,180711.0,0.14788373278939315
2009-10-08,2263.0,2473.0,2114.0,2349.0,218681.0,0.0435362061306086
2009-10-09,2349.0,2451.0,2281.0,2332.0,81868.0,-0.00723712217965089
2009-10-12,2272.0,2434.0,2246.0,2328.0,56707.0,-0.0017152658662092923
2009-10-13,2328.0,2345.0,2221.0,2247.0,57925.0,-0.03479381443298968
2009-10-14,2306.0,2520.0,2221.0,2478.0,135889.0,0.10280373831775691
2009-10-15,2469.0,2494.0,2375.0,2396.0,75404.0,-0.03309120258272802
2009-10-16,2409.0,2422.0,2289.0,2302.0,71419.0,-0.03923205342237057
2009-10-19,2259.0,2451.0,2238.0,2379.0,43082.0,0.03344917463075592
2009-10-20,2328.0,2375.0,2251.0,2307.0,45661.0,-0.030264817150063017
2009-10-21,2268.0,2323.0,2225.0,2273.0,41478.0,-0.014737754659731261
2009-10-22,2302.0,2379.0,2259.0,2307.0,41905.0,0.01495820501539824
2009-10-23,2349.0,2392.0,2221.0,2264.0,45774.0,-0.018638925010836638
2009-10-26,2221.0,2246.0,2118.0,2170.0,46312.0,-0.04151943462897523
2009-10-27,2140.0,2216.0,2033.0,2089.0,45575.0,-0.037327188940092126
2009-10-28,2093.0,2093.0,2007.0,2029.0,48638.0,-0.028721876495931054
2009-10-29,1982.0,2033.0,1879.0,2012.0,57711.0,-0.008378511582060155
2009-10-30,2080.0,2195.0,2024.0,2110.0,41352.0,0.04870775347912515
2009-11-02,2105.0,2182.0,2050.0,2127.0,20766.0,0.008056872037914609
2009-11-03,2135.0,2178.0,1986.0,2046.0,40909.0,-0.03808180535966155
2009-11-04,2046.0,2135.0,2016.0,2110.0,18979.0,0.03128054740957964
2009-11-05,2114.0,2114.0,2050.0,2076.0,25576.0,-0.01611374407582944
2009-11-06,2084.0,2110.0,2046.0,2050.0,19771.0,-0.012524084778420042
2009-11-09,2058.0,2080.0,2016.0,2025.0,35659.0,-0.012195121951219523
2009-11-10,2029.0,2093.0,2016.0,2080.0,33766.0,0.02716049382716057
2009-11-11,2097.0,2170.0,2050.0,2119.0,42166.0,0.018750000000000044
2009-11-12,2127.0,2434.0,2101.0,2435.0,361018.0,0.149126946672959
2009-11-13,2511.0,2601.0,2246.0,2264.0,636199.0,-0.0702258726899384
2009-11-16,2302.0,2567.0,2298.0,2405.0,516355.0,0.062279151943462896
2009-11-17,2447.0,2571.0,2375.0,2392.0,265063.0,-0.00540540540540535
2009-11-18,2413.0,2430.0,2221.0,2273.0,183561.0,-0.04974916387959871
2009-11-19,2298.0,2609.0,2272.0,2512.0,317304.0,0.10514738231412224
2009-11-20,2481.0,2759.0,2451.0,2495.0,339386.0,-0.006767515923566836
2009-11-23,2494.0,2656.0,2422.0,2460.0,181333.0,-0.014028056112224463
2009-11-24,2498.0,2592.0,2409.0,2525.0,101929.0,0.026422764227642226
2009-11-25,2537.0,2541.0,2392.0,2469.0,98497.0,-0.022178217821782198
2009-11-26,2439.0,2443.0,2281.0,2290.0,142844.0,-0.07249898744430938
2009-11-27,2272.0,2289.0,1947.0,1948.0,216623.0,-0.14934497816593884
2009-11-30,1952.0,2037.0,1952.0,1991.0,78688.0,0.022073921971252464
2009-12-01,2041.0,2041.0,1939.0,1969.0,45179.0,-0.011049723756906049
2009-12-02,1986.0,2063.0,1977.0,2042.0,50804.0,0.03707465718638914
2009-12-03,2050.0,2131.0,2046.0,2106.0,48400.0,0.03134182174338873
2009-12-04,2105.0,2127.0,2058.0,2097.0,28196.0,-0.004273504273504258
2009-12-07,2114.0,2165.0,2058.0,2161.0,31272.0,0.030519790176442463
2009-12-08,2208.0,2208.0,1973.0,2059.0,41600.0,-0.047200370198981934
2009-12-09,2135.0,2170.0,2037.0,2119.0,45669.0,0.029140359397765936
2009-12-10,2135.0,2276.0,2123.0,2273.0,109454.0,0.07267579046720152
2009-12-11,2263.0,2396.0,2255.0,2307.0,106485.0,0.01495820501539824
2009-12-14,2366.0,2503.0,2332.0,2448.0,138507.0,0.061118335500650156
2009-12-15,2447.0,2554.0,2417.0,2448.0,123675.0,0.0
2009-12-16,2447.0,2541.0,2400.0,2503.0,46574.0,0.02246732026143783
2009-12-17,2451.0,2815.0,2451.0,2730.0,155956.0,0.09069117059528575
2009-12-18,2900.0,3135.0,2793.0,3135.0,269686.0,0.14835164835164827
2009-12-21,3498.0,3588.0,3173.0,3328.0,825184.0,0.0615629984051036
2009-12-22,3289.0,3481.0,3267.0,3387.0,265123.0,0.01772836538461542
2009-12-23,3498.0,3801.0,3255.0,3255.0,502217.0,-0.03897254207263068
2009-12-24,3229.0,3229.0,2836.0,3076.0,526375.0,-0.05499231950844852
2009-12-28,3105.0,3536.0,3075.0,3537.0,369423.0,0.14986996098829652
2009-12-29,3554.0,4049.0,3007.0,3007.0,386855.0,-0.14984450098953916
2009-12-30,2558.0,2674.0,2558.0,2559.0,436670.0,-0.14898570003325573
2010-01-04,0.0,0.0,0.0,2559.0,0.0,0.0
2010-01-05,0.0,0.0,0.0,2559.0,0.0,0.0
2010-01-06,0.0,0.0,0.0,2559.0,0.0,0.0
2010-01-07,2938.0,2938.0,2938.0,2939.0,11850.0,0.14849550605705364
2010-01-08,3378.0,3378.0,3378.0,3379.0,1984.0,0.14971078598162646
2010-01-11,3882.0,3882.0,3882.0,3883.0,15101.0,0.1491565551938443
2010-01-12,4459.0,4459.0,4459.0,4460.0,61946.0,0.14859644604687094
2010-01-13,5125.0,5125.0,5125.0,5126.0,18466.0,0.1493273542600897
2010-01-14,5894.0,5894.0,5125.0,5220.0,4188835.0,0.018337885290675038
2010-01-15,5254.0,5997.0,4903.0,5997.0,1531494.0,0.14885057471264362
2010-01-18,5766.0,6663.0,5595.0,5852.0,1632005.0,-0.024178756044688998
2010-01-19,5732.0,6151.0,5211.0,5451.0,685779.0,-0.06852358168147643
2010-01-20,5467.0,5467.0,4895.0,5083.0,417973.0,-0.0675105485232067
2010-01-21,5040.0,5843.0,4989.0,5844.0,687427.0,0.1497147353924848
2010-01-22,5843.0,6715.0,5561.0,6621.0,1087141.0,0.13295687885010277
2010-01-25,6407.0,7176.0,5638.0,5980.0,838674.0,-0.09681317021597946
2010-01-26,6031.0,6134.0,5143.0,5468.0,326604.0,-0.08561872909698998
2010-01-27,5698.0,5698.0,4869.0,5340.0,207123.0,-0.023408924652523755
2010-01-28,5544.0,5766.0,5211.0,5382.0,188421.0,0.00786516853932584
2010-01-29,5254.0,5313.0,4826.0,4870.0,129088.0,-0.0951319212188777
2010-02-01,4869.0,5339.0,4502.0,4955.0,241871.0,0.017453798767967044
2010-02-02,5108.0,5168.0,4732.0,4870.0,119800.0,-0.017154389505549927
2010-02-03,4895.0,5595.0,4878.0,5596.0,285898.0,0.14907597535934292
2010-02-04,5510.0,5792.0,5305.0,5416.0,299961.0,-0.03216583273766982
2010-02-05,4826.0,5108.0,4801.0,4801.0,232588.0,-0.11355243722304287
2010-02-08,4869.0,4997.0,4083.0,4528.0,209862.0,-0.056863153509685516
2010-02-09,4357.0,4698.0,4241.0,4571.0,162027.0,0.009496466431095474
2010-02-10,4698.0,4698.0,4476.0,4477.0,76249.0,-0.020564427915117034
2010-02-11,4425.0,4946.0,4391.0,4699.0,227413.0,0.04958677685950419
2010-02-12,4613.0,4852.0,4519.0,4605.0,128820.0,-0.020004256224728678
2010-02-16,4681.0,4698.0,4493.0,4699.0,114558.0,0.020412595005428802
2010-02-17,4741.0,5040.0,4621.0,4853.0,156952.0,0.0327729304107256
2010-02-18,4826.0,4955.0,4656.0,4784.0,98347.0,-0.014218009478673022
2010-02-19,4767.0,4844.0,4442.0,4605.0,74388.0,-0.03741638795986624
2010-02-22,4639.0,4929.0,4451.0,4784.0,71489.0,0.038870792616720884
2010-02-23,4869.0,4869.0,4621.0,4801.0,51737.0,0.0035535117056855192
2010-02-24,4579.0,4724.0,4553.0,4690.0,55850.0,-0.023120183295146868
2010-02-25,4826.0,4826.0,4570.0,4630.0,55080.0,-0.01279317697228144
2010-02-26,4630.0,4681.0,4485.0,4648.0,47443.0,0.0038876889848811214
2010-03-02,4767.0,4767.0,4425.0,4451.0,53757.0,-0.042383820998278865
2010-03-03,4451.0,4493.0,4211.0,4272.0,80986.0,-0.04021568186924285
2010-03-04,4280.0,4493.0,4130.0,4280.0,184003.0,0.001872659176029856
2010-03-05,4493.0,4587.0,4288.0,4400.0,187100.0,0.028037383177569986
2010-03-08,4399.0,4416.0,4233.0,4255.0,79813.0,-0.03295454545454546
2010-03-09,4254.0,4305.0,4079.0,4267.0,108451.0,0.0028202115158637575
2010-03-10,4267.0,4271.0,4015.0,4015.0,87224.0,-0.05905788610264828
2010-03-11,4062.0,4357.0,4062.0,4263.0,160735.0,0.061768368617683755
2010-03-12,4211.0,4468.0,4143.0,4340.0,99423.0,0.01806239737274229
2010-03-15,4348.0,4989.0,4314.0,4989.0,431148.0,0.14953917050691246
2010-03-16,5296.0,5724.0,5006.0,5639.0,605096.0,0.13028663058729206
2010-03-17,5612.0,5612.0,5040.0,5340.0,262520.0,-0.05302358574215282
2010-03-18,5425.0,5894.0,5168.0,5254.0,474831.0,-0.01610486891385765
2010-03-19,5305.0,5399.0,5014.0,5126.0,161461.0,-0.024362390559573677
2010-03-22,5083.0,5151.0,4895.0,5126.0,92193.0,0.0
2010-03-23,5168.0,5424.0,5125.0,5220.0,114088.0,0.018337885290675038
2010-03-24,5228.0,5356.0,4955.0,5126.0,66076.0,-0.018007662835249016
2010-03-25,5125.0,5467.0,4963.0,5425.0,150024.0,0.05833008193523215
2010-03-26,5510.0,6040.0,5348.0,5348.0,427998.0,-0.014193548387096744
2010-03-29,5271.0,5331.0,5074.0,5100.0,93970.0,-0.04637247569184744
2010-03-30,5177.0,5245.0,5040.0,5135.0,42178.0,0.006862745098039191
2010-03-31,5083.0,5211.0,4912.0,5160.0,83482.0,0.004868549172346581
2010-04-01,5219.0,5219.0,5023.0,5109.0,43825.0,-0.009883720930232598
2010-04-02,5108.0,5202.0,4903.0,5075.0,48795.0,-0.0066549226854570875
2010-04-05,5049.0,5074.0,4579.0,5066.0,59283.0,-0.001773399014778354
2010-04-06,5074.0,5168.0,4972.0,5058.0,15776.0,-0.0015791551519936942
2010-04-07,4955.0,5083.0,4895.0,5075.0,29256.0,0.0033610122578093815
2010-04-08,5117.0,5117.0,4963.0,5075.0,28477.0,0.0
2010-04-09,4972.0,5211.0,4920.0,5023.0,82175.0,-0.010246305418719182
2010-04-12,5014.0,5014.0,4322.0,4784.0,119648.0,-0.04758112681664339
2010-04-13,4784.0,4784.0,4365.0,4630.0,42609.0,-0.03219063545150502
2010-04-14,4639.0,4775.0,4545.0,4682.0,37491.0,0.011231101511879116
2010-04-15,4690.0,4758.0,4416.0,4511.0,55846.0,-0.03652285348141815
2010-04-16,4425.0,4451.0,3895.0,4272.0,129701.0,-0.052981600532032824
2010-04-19,4314.0,4314.0,3929.0,4203.0,68197.0,-0.016151685393258397
2010-04-20,4186.0,4194.0,3857.0,4020.0,58550.0,-0.043540328336902245
2010-04-21,4049.0,4186.0,3964.0,4156.0,87376.0,0.03383084577114426
2010-04-22,4169.0,4169.0,3972.0,4058.0,31174.0,-0.02358036573628486
2010-04-23,4015.0,4126.0,3955.0,4084.0,30596.0,0.006407097092163694
2010-04-26,4100.0,4100.0,3972.0,4041.0,29299.0,-0.010528893241919635
2010-04-27,4040.0,4100.0,4006.0,4007.0,17663.0,-0.008413758970551855
2010-04-28,3972.0,4305.0,3929.0,3938.0,52255.0,-0.017219865235837295
2010-04-29,4006.0,4109.0,3934.0,4105.0,44511.0,0.04240731335703396
2010-04-30,4117.0,4147.0,4023.0,4024.0,31867.0,-0.01973203410475033
2010-05-03,4023.0,4087.0,3421.0,3537.0,147102.0,-0.12102385685884687
2010-05-04,3588.0,3588.0,3408.0,3481.0,43374.0,-0.01583262651964945
2010-05-06,3246.0,3630.0,3246.0,3481.0,112971.0,0.0
2010-05-07,3182.0,3724.0,3182.0,3563.0,138292.0,0.023556449296179283
2010-05-10,3562.0,3746.0,3545.0,3682.0,84852.0,0.03339882121807469
2010-05-11,3797.0,3921.0,3643.0,3674.0,61073.0,-0.0021727322107549796
2010-05-12,3673.0,3741.0,3588.0,3695.0,26304.0,0.005715841045182302
2010-05-13,3716.0,3844.0,3618.0,3627.0,28575.0,-0.018403247631935016
2010-05-14,3502.0,3588.0,3451.0,3528.0,30910.0,-0.027295285359801524
2010-05-17,3438.0,3502.0,3101.0,3477.0,47315.0,-0.014455782312925214
2010-05-18,3519.0,3528.0,3297.0,3528.0,34725.0,0.014667817083692913
2010-05-19,3545.0,3545.0,3353.0,3545.0,24665.0,0.004818594104308405
2010-05-20,3571.0,3630.0,3331.0,3503.0,34415.0,-0.011847672778561358
2010-05-24,3331.0,3498.0,3280.0,3494.0,12522.0,-0.0025692263773907653
2010-05-25,3319.0,3485.0,2973.0,3238.0,61988.0,-0.07326846021751576
2010-05-26,3190.0,3246.0,2934.0,2990.0,42749.0,-0.07659048795552814
2010-05-27,2947.0,3400.0,2900.0,3315.0,274025.0,0.10869565217391308
2010-05-28,3588.0,3588.0,3366.0,3494.0,84208.0,0.053996983408748145
2010-05-31,3609.0,3609.0,3477.0,3588.0,21312.0,0.026903262736118982
2010-06-01,3630.0,3630.0,3468.0,3592.0,31930.0,0.0011148272017837968
2010-06-03,3793.0,3793.0,3507.0,3580.0,27806.0,-0.0033407572383074013
2010-06-04,3579.0,3716.0,3545.0,3657.0,10123.0,0.02150837988826826
2010-06-07,3511.0,3545.0,3173.0,3545.0,14168.0,-0.03062619633579433
2010-06-08,3562.0,3673.0,3502.0,3597.0,19272.0,0.014668547249647501
2010-06-09,3605.0,3652.0,3336.0,3511.0,33239.0,-0.023908812899638643
2010-06-10,3511.0,3921.0,3404.0,3742.0,109454.0,0.06579322130447163
2010-06-11,3635.0,3844.0,3468.0,3618.0,21258.0,-0.03313735970069487
2010-06-14,3464.0,3801.0,3438.0,3550.0,26012.0,-0.018794914317302402
2010-06-15,3545.0,3716.0,3489.0,3712.0,66591.0,0.045633802816901436
2010-06-16,3630.0,3964.0,3630.0,3904.0,121345.0,0.051724137931034475
2010-06-17,3929.0,4451.0,3925.0,4280.0,385117.0,0.09631147540983598
2010-06-18,4340.0,4340.0,3985.0,4139.0,116340.0,-0.032943925233644866
2010-06-21,4087.0,4117.0,3780.0,4101.0,81698.0,-0.009180961584923875
2010-06-22,4100.0,4100.0,3908.0,3973.0,29358.0,-0.03121189953669834
2010-06-23,3972.0,3972.0,3767.0,3768.0,17920.0,-0.051598288447017415
2010-06-24,3729.0,3870.0,3673.0,3836.0,17900.0,0.018046709129511784
2010-06-25,3741.0,3835.0,3626.0,3836.0,27415.0,0.0
2010-06-28,3827.0,4011.0,3703.0,3913.0,28721.0,0.02007299270072993
2010-06-29,3814.0,4194.0,3793.0,4101.0,151840.0,0.04804497827753651
2010-06-30,4015.0,4087.0,3904.0,4058.0,47239.0,-0.01048524750060964
2010-07-01,4019.0,4100.0,3878.0,4015.0,22233.0,-0.010596352883193716
2010-07-02,4023.0,4130.0,3925.0,4109.0,76172.0,0.023412204234122047
2010-07-05,4049.0,4087.0,3887.0,3943.0,30099.0,-0.040399123874422016
2010-07-06,3989.0,3989.0,3353.0,3353.0,93400.0,-0.14963225970073546
2010-07-07,3348.0,3348.0,3092.0,3285.0,109485.0,-0.02028034595884287
2010-07-08,3199.0,3327.0,3118.0,3144.0,65673.0,-0.04292237442922375
2010-07-09,3203.0,3208.0,3075.0,3187.0,21969.0,0.013676844783715003
2010-07-12,3131.0,3220.0,2733.0,2734.0,101183.0,-0.14213994352055226
2010-07-13,2896.0,3032.0,2648.0,2815.0,117928.0,0.029626920263350343
2010-07-14,2827.0,2883.0,2746.0,2845.0,44774.0,0.010657193605683846
2010-07-15,2827.0,2896.0,2733.0,2875.0,34171.0,0.010544815465729274
2010-07-16,2879.0,2904.0,2759.0,2759.0,9268.0,-0.04034782608695653
2010-07-19,2759.0,2870.0,2725.0,2871.0,36729.0,0.04059441826748822
2010-07-20,2836.0,2896.0,2815.0,2883.0,20394.0,0.004179728317659448
2010-07-21,2836.0,2900.0,2776.0,2883.0,13713.0,0.0
2010-07-22,2891.0,2891.0,2780.0,2828.0,22976.0,-0.019077349982656977
2010-07-23,3075.0,3250.0,2981.0,3251.0,23387.0,0.14957567185289955
2010-07-26,3737.0,3737.0,3737.0,3738.0,15222.0,0.1498000615195325
2010-07-27,4297.0,4297.0,3776.0,3909.0,837801.0,0.045746388443017594
2010-07-28,3942.0,3981.0,3605.0,3776.0,247487.0,-0.03402404707086215
2010-07-29,3771.0,3771.0,3263.0,3695.0,176094.0,-0.021451271186440635
2010-07-30,3776.0,3861.0,3425.0,3819.0,93920.0,0.03355886332882263
2010-08-02,3976.0,4391.0,3887.0,4105.0,433812.0,0.07488871432312116
2010-08-03,4143.0,4271.0,4023.0,4203.0,248376.0,0.02387332521315466
2010-08-04,4186.0,4186.0,3942.0,4135.0,90129.0,-0.01617891981917674
2010-08-05,4271.0,4698.0,4015.0,4272.0,268033.0,0.03313180169286567
2010-08-06,4271.0,4271.0,3887.0,4126.0,85709.0,-0.03417602996254676
2010-08-09,4143.0,4374.0,4019.0,4041.0,285886.0,-0.02060106640814352
2010-08-10,4032.0,4032.0,3605.0,3815.0,148372.0,-0.05592675080425635
2010-08-11,3844.0,3908.0,3712.0,3840.0,74453.0,0.006553079947575258
2010-08-12,3686.0,3788.0,3528.0,3545.0,48331.0,-0.07682291666666663
2010-08-13,3289.0,3289.0,3037.0,3093.0,163076.0,-0.1275035260930889
2010-08-16,3092.0,3199.0,2947.0,3097.0,96793.0,0.0012932428063368029
2010-08-17,3041.0,3101.0,2973.0,2990.0,48010.0,-0.03454956409428478
2010-08-18,3041.0,3190.0,2977.0,3161.0,96084.0,0.057190635451505045
2010-08-19,3229.0,3460.0,3088.0,3409.0,208161.0,0.07845618475166094
2010-08-20,3408.0,3438.0,3246.0,3332.0,81496.0,-0.022587268993839782
2010-08-23,3400.0,3460.0,3246.0,3362.0,53604.0,0.009003601440576325
2010-08-24,3301.0,3400.0,3250.0,3400.0,52323.0,0.011302795954788891
2010-08-25,3306.0,3374.0,3220.0,3298.0,41651.0,-0.030000000000000027
2010-08-26,3366.0,3588.0,3314.0,3340.0,166324.0,0.01273499090357788
2010-08-27,3395.0,3468.0,3297.0,3460.0,637019.0,0.03592814371257491
2010-08-30,3515.0,3976.0,3477.0,3853.0,913463.0,0.11358381502890169
2010-08-31,3865.0,3964.0,3716.0,3887.0,309832.0,0.008824292758889074
2010-09-01,3844.0,3959.0,3707.0,3832.0,424312.0,-0.01414972986879337
2010-09-02,3771.0,3835.0,3588.0,3614.0,136606.0,-0.0568893528183716
2010-09-03,3613.0,3673.0,3126.0,3409.0,361307.0,-0.05672385168788041
2010-09-06,3460.0,3472.0,3203.0,3469.0,142212.0,0.017600469345849135
2010-09-07,3395.0,3395.0,3242.0,3323.0,148952.0,-0.04208705678869995
2010-09-08,3323.0,3417.0,3225.0,3417.0,170272.0,0.028287691844718577
2010-09-09,3451.0,3699.0,3451.0,3588.0,276424.0,0.05004389815627741
2010-09-10,3524.0,4006.0,3417.0,4007.0,469402.0,0.11677814938684494
2010-09-13,4002.0,4143.0,3870.0,4058.0,225418.0,0.012727726478662271
2010-09-14,4263.0,4357.0,3588.0,4054.0,488296.0,-0.0009857072449482862
2010-09-15,3938.0,4006.0,3673.0,3793.0,249758.0,-0.06438085841144547
2010-09-16,3733.0,3810.0,3588.0,3759.0,161445.0,-0.008963880833113613
2010-09-17,3823.0,3823.0,3647.0,3751.0,91510.0,-0.0021282255919127246
2010-09-20,3686.0,3788.0,3596.0,3772.0,88349.0,0.0055985070647828206
2010-09-24,3793.0,3925.0,3686.0,3879.0,105595.0,0.028366914103923557
2010-09-27,3878.0,3989.0,3814.0,3887.0,99189.0,0.0020623872131992904
2010-09-28,3870.0,3870.0,3682.0,3793.0,78653.0,-0.024183174684846875
2010-09-29,3793.0,3801.0,3673.0,3738.0,50727.0,-0.014500395465330884
2010-09-30,3669.0,3759.0,3609.0,3759.0,84806.0,0.00561797752808979
2010-10-01,3630.0,3665.0,3455.0,3648.0,246102.0,-0.029529130087789346
2010-10-04,3643.0,3673.0,3460.0,3554.0,62092.0,-0.025767543859649078
2010-10-05,3545.0,3566.0,3460.0,3477.0,59981.0,-0.021665728756330882
2010-10-06,3477.0,3511.0,3383.0,3477.0,76050.0,0.0
2010-10-07,3460.0,3541.0,3370.0,3456.0,132441.0,-0.006039689387402958
2010-10-08,3438.0,3438.0,3344.0,3345.0,54214.0,-0.03211805555555558
2010-10-11,3336.0,3400.0,3246.0,3302.0,78038.0,-0.012855007473841606
2010-10-12,3301.0,3301.0,3199.0,3217.0,70511.0,-0.02574197456087224
2010-10-13,3216.0,3391.0,3216.0,3375.0,51476.0,0.04911408144233764
2010-10-14,3374.0,3408.0,3263.0,3345.0,23494.0,-0.008888888888888835
2010-10-15,3344.0,3413.0,3208.0,3379.0,69693.0,0.010164424514200299
2010-10-18,3404.0,3468.0,3361.0,3392.0,57122.0,0.0038472920982539627
2010-10-19,3468.0,3468.0,3276.0,3289.0,41258.0,-0.03036556603773588
2010-10-20,3246.0,3413.0,3216.0,3375.0,66920.0,0.026147765278200064
2010-10-21,3425.0,3673.0,3425.0,3451.0,361628.0,0.022518518518518604
2010-10-22,3545.0,3545.0,3323.0,3413.0,123092.0,-0.01101130107215298
2010-10-25,3430.0,3430.0,3203.0,3204.0,113122.0,-0.061236448871960114
2010-10-26,3246.0,3246.0,3084.0,3131.0,219773.0,-0.02278401997503121
2010-10-27,3126.0,3143.0,2934.0,3050.0,231537.0,-0.025870328968380707
2010-10-28,2998.0,3020.0,2827.0,2828.0,188907.0,-0.0727868852459016
2010-10-29,2819.0,2870.0,2691.0,2700.0,170864.0,-0.04526166902404527
2010-11-01,2768.0,2810.0,2695.0,2734.0,133321.0,0.012592592592592489
2010-11-02,2789.0,2789.0,2580.0,2644.0,109941.0,-0.032918800292611516
2010-11-03,2729.0,2733.0,2469.0,2533.0,213005.0,-0.04198184568835095
2010-11-04,2537.0,2592.0,2229.0,2593.0,120601.0,0.02368732727990519
2010-11-05,2592.0,2695.0,2520.0,2695.0,112163.0,0.039336675665252674
2010-11-08,2622.0,2729.0,2469.0,2730.0,201492.0,0.01298701298701288
2010-11-09,2721.0,2721.0,2580.0,2657.0,90588.0,-0.026739926739926756
2010-11-10,2648.0,2648.0,2537.0,2567.0,46989.0,-0.03387278885961609
2010-11-11,2601.0,2656.0,2528.0,2567.0,53772.0,0.0
2010-11-12,2627.0,2627.0,2434.0,2533.0,75216.0,-0.013245033112582738
2010-11-15,2477.0,2597.0,2451.0,2533.0,30266.0,0.0
2010-11-16,2477.0,2558.0,2263.0,2525.0,182941.0,-0.0031583103039873883
2010-11-17,2503.0,2601.0,2306.0,2563.0,93693.0,0.015049504950495063
2010-11-18,2605.0,2605.0,2520.0,2589.0,42989.0,0.01014436207569247
2010-11-19,2575.0,2776.0,2528.0,2700.0,149316.0,0.042873696407879525
2010-11-22,2733.0,2785.0,2605.0,2725.0,98262.0,0.0092592592592593
2010-11-23,2665.0,2725.0,2648.0,2708.0,89750.0,-0.006238532110091732
2010-11-24,2567.0,2682.0,2481.0,2648.0,60141.0,-0.02215657311669128
2010-11-25,2733.0,2750.0,2652.0,2717.0,148429.0,0.026057401812688896
2010-11-26,2674.0,2763.0,2533.0,2584.0,175323.0,-0.04895104895104896
2010-11-29,2562.0,2592.0,2413.0,2478.0,67018.0,-0.04102167182662542
2010-11-30,2422.0,2815.0,2387.0,2606.0,378193.0,0.051654560129136495
2010-12-01,2644.0,2678.0,2550.0,2550.0,100989.0,-0.02148887183422865
2010-12-02,2528.0,2588.0,2464.0,2469.0,98652.0,-0.03176470588235292
2010-12-03,2494.0,2562.0,2298.0,2426.0,134807.0,-0.01741595787768324
2010-12-06,2430.0,2430.0,2225.0,2341.0,207069.0,-0.035037098103874675
2010-12-07,2340.0,2417.0,2221.0,2413.0,128498.0,0.03075608714224698
2010-12-08,2362.0,2409.0,2315.0,2349.0,46903.0,-0.026523000414421904
2010-12-09,2319.0,2387.0,2255.0,2290.0,57159.0,-0.025117071094082566
2010-12-10,2272.0,2306.0,2238.0,2273.0,54059.0,-0.007423580786026229
2010-12-13,2281.0,2370.0,2281.0,2307.0,75160.0,0.01495820501539824
2010-12-14,2315.0,2349.0,2242.0,2247.0,64290.0,-0.026007802340702213
2010-12-15,2255.0,2259.0,2199.0,2208.0,57979.0,-0.01735647530040052
2010-12-16,2208.0,2281.0,2144.0,2234.0,127088.0,0.011775362318840576
2010-12-17,2234.0,2392.0,2234.0,2302.0,86676.0,0.03043867502238129
2010-12-20,2298.0,2298.0,2050.0,2174.0,62147.0,-0.05560382276281495
2010-12-21,2161.0,2246.0,2161.0,2208.0,30833.0,0.015639374425022945
2010-12-22,2392.0,2396.0,2221.0,2221.0,137229.0,0.005887681159420399
2010-12-23,2246.0,2298.0,2178.0,2221.0,38664.0,0.0
2010-12-24,2229.0,2392.0,2187.0,2247.0,49484.0,0.011706438541197572
2010-12-27,2315.0,2315.0,2178.0,2238.0,61474.0,-0.004005340453938633
2010-12-28,2238.0,2289.0,2182.0,2251.0,35889.0,0.005808757819481647
2010-12-29,2212.0,2259.0,2199.0,2234.0,31164.0,-0.0075521990226565805
2010-12-30,2234.0,2456.0,2195.0,2328.0,99269.0,0.042076991942703756
2011-01-03,2357.0,2379.0,2302.0,2337.0,49465.0,0.0038659793814432852
2011-01-04,2340.0,2404.0,2328.0,2405.0,81082.0,0.029097133076593895
2011-01-05,2400.0,2746.0,2357.0,2721.0,296959.0,0.1313929313929314
2011-01-06,2665.0,2750.0,2562.0,2653.0,184773.0,-0.02499081220139654
2011-01-07,2605.0,2648.0,2443.0,2546.0,104112.0,-0.04033169996230679
2011-01-10,2533.0,2597.0,2477.0,2554.0,50794.0,0.003142183817753441
2011-01-11,2571.0,2571.0,2434.0,2512.0,96132.0,-0.01644479248238062
2011-01-12,2469.0,2469.0,2238.0,2238.0,223470.0,-0.10907643312101911
2011-01-13,2289.0,2362.0,2246.0,2307.0,116220.0,0.030831099195710365
2011-01-14,2306.0,2383.0,2259.0,2384.0,108850.0,0.0333766796705679
2011-01-17,2447.0,2494.0,2357.0,2379.0,147032.0,-0.002097315436241587
2011-01-18,2379.0,2430.0,2306.0,2358.0,74775.0,-0.008827238335435084
2011-01-19,2357.0,2392.0,2306.0,2375.0,43943.0,0.007209499575911771
2011-01-20,2413.0,2413.0,2336.0,2375.0,56644.0,0.0
2011-01-21,2392.0,2404.0,2310.0,2366.0,70557.0,-0.0037894736842105647
2011-01-24,2357.0,2409.0,2332.0,2405.0,64863.0,0.016483516483516425
2011-01-25,2417.0,2447.0,2383.0,2384.0,67967.0,-0.008731808731808677
2011-01-26,2328.0,2362.0,2238.0,2320.0,118983.0,-0.02684563758389258
2011-01-27,2298.0,2349.0,2259.0,2290.0,34220.0,-0.012931034482758674
2011-01-28,2328.0,2328.0,2204.0,2294.0,55712.0,0.0017467248908296096
2011-01-31,2289.0,2404.0,2208.0,2405.0,77639.0,0.048387096774193505
2011-02-01,2417.0,2464.0,2298.0,2307.0,204399.0,-0.04074844074844075
2011-02-07,2400.0,2400.0,2285.0,2311.0,110739.0,0.001733853489380044
2011-02-08,2310.0,2357.0,2298.0,2320.0,181513.0,0.0038944180008653184
2011-02-09,2349.0,2622.0,2332.0,2443.0,935047.0,0.05301724137931041
2011-02-10,2443.0,2503.0,2362.0,2375.0,295849.0,-0.027834629553827317
2011-02-11,2366.0,2422.0,2251.0,2307.0,182596.0,-0.028631578947368452
2011-02-14,2272.0,2332.0,2029.0,2264.0,196253.0,-0.018638925010836638
2011-02-15,2229.0,2349.0,2212.0,2277.0,61078.0,0.005742049469964705
2011-02-16,2332.0,2332.0,2221.0,2294.0,116727.0,0.00746596398770305
2011-02-17,2246.0,2306.0,2135.0,2264.0,102626.0,-0.013077593722754965
2011-02-18,2298.0,2298.0,2144.0,2191.0,47277.0,-0.03224381625441697
2011-02-21,2229.0,2229.0,2071.0,2119.0,92212.0,-0.03286170698311275
2011-02-22,2110.0,2114.0,1935.0,1935.0,152742.0,-0.08683341198678618
2011-02-23,1935.0,1969.0,1794.0,1794.0,76436.0,-0.0728682170542636
2011-02-24,1751.0,1888.0,1717.0,1888.0,101857.0,0.0523968784838349
2011-02-25,1926.0,1956.0,1794.0,1875.0,80900.0,-0.0068855932203389925
2011-02-28,1879.0,1917.0,1819.0,1854.0,25879.0,-0.011199999999999988
2011-03-02,1828.0,1964.0,1751.0,1905.0,164969.0,0.027508090614886793
2011-03-03,1913.0,1947.0,1811.0,1918.0,94496.0,0.006824146981627255
2011-03-04,1896.0,1930.0,1853.0,1905.0,74101.0,-0.006777893639207555
2011-03-07,1879.0,1917.0,1823.0,1875.0,42453.0,-0.015748031496062964
2011-03-08,1853.0,1862.0,1768.0,1786.0,51354.0,-0.04746666666666666
2011-03-09,1794.0,1836.0,1751.0,1807.0,103859.0,0.011758118701007847
2011-03-10,1772.0,1832.0,1717.0,1756.0,63978.0,-0.0282235749861649
2011-03-11,1717.0,1751.0,1503.0,1623.0,301055.0,-0.07574031890660593
2011-03-14,1614.0,1819.0,1379.0,1807.0,343898.0,0.11337030191004316
2011-03-15,1922.0,1922.0,1554.0,1717.0,211792.0,-0.04980630879911452
2011-03-16,1653.0,1836.0,1653.0,1662.0,119867.0,-0.032032615026208466
2011-03-17,1512.0,1794.0,1507.0,1726.0,145495.0,0.038507821901323736
2011-03-18,1678.0,1781.0,1678.0,1760.0,65326.0,0.01969872537659323
2011-03-21,1764.0,1896.0,1764.0,1862.0,124125.0,0.05795454545454537
2011-03-22,1811.0,2088.0,1806.0,1978.0,810904.0,0.06229860365198703
2011-03-23,2033.0,2063.0,1862.0,1965.0,239927.0,-0.0065722952477249574
2011-03-24,1973.0,2050.0,1913.0,1935.0,261154.0,-0.01526717557251911
2011-03-25,1982.0,1990.0,1862.0,1880.0,149218.0,-0.028423772609819098
2011-03-28,1909.0,1909.0,1798.0,1888.0,124330.0,0.004255319148936065
2011-03-29,2007.0,2024.0,1870.0,1888.0,195550.0,0.0
2011-03-30,1900.0,1900.0,1815.0,1862.0,74214.0,-0.013771186440677985
2011-03-31,1832.0,1875.0,1695.0,1739.0,265208.0,-0.06605800214822766
2011-04-01,1772.0,1841.0,1704.0,1794.0,164000.0,0.03162737205290389
2011-04-04,1794.0,1836.0,1738.0,1794.0,131808.0,0.0
2011-04-05,1794.0,1828.0,1747.0,1794.0,81718.0,0.0
2011-04-06,1777.0,1798.0,1725.0,1790.0,121042.0,-0.0022296544035674826
2011-04-07,1789.0,1823.0,1708.0,1730.0,178863.0,-0.03351955307262566
2011-04-08,1734.0,1755.0,1712.0,1726.0,81982.0,-0.0023121387283236983
2011-04-11,1700.0,1764.0,1644.0,1692.0,116089.0,-0.01969872537659323
2011-04-12,1708.0,1708.0,1606.0,1653.0,156434.0,-0.023049645390070927
2011-04-13,1618.0,1700.0,1618.0,1645.0,86887.0,-0.004839685420447659
2011-04-14,1623.0,1789.0,1623.0,1709.0,129492.0,0.0389057750759878
2011-04-15,1755.0,1964.0,1691.0,1965.0,502489.0,0.14979520187244
2011-04-18,2148.0,2259.0,1990.0,2255.0,1119936.0,0.1475826972010179
2011-04-19,2135.0,2357.0,1999.0,2341.0,575779.0,0.0381374722838137
2011-04-20,2306.0,2366.0,2204.0,2247.0,300076.0,-0.04015378043571127
2011-04-21,2165.0,2268.0,1917.0,1918.0,272761.0,-0.14641744548286606
2011-04-22,2016.0,2020.0,1751.0,1845.0,250360.0,-0.03806047966631909
2011-04-25,1896.0,1917.0,1785.0,1786.0,94030.0,-0.03197831978319787
2011-04-26,1751.0,2050.0,1730.0,1875.0,720325.0,0.049832026875699986
2011-04-27,1836.0,1836.0,1751.0,1773.0,145955.0,-0.054400000000000004
2011-04-28,1777.0,1789.0,1665.0,1696.0,158504.0,-0.0434292160180485
2011-04-29,1695.0,1866.0,1657.0,1704.0,153455.0,0.004716981132075526
2011-05-02,1734.0,1742.0,1636.0,1657.0,140515.0,-0.027582159624413127
2011-05-03,1636.0,1704.0,1563.0,1623.0,151013.0,-0.02051901025950509
2011-05-04,1631.0,1636.0,1529.0,1529.0,315331.0,-0.057917436845348114
2011-05-06,1546.0,1559.0,1477.0,1512.0,114526.0,-0.011118378024852826
2011-05-09,1524.0,1546.0,1366.0,1452.0,159171.0,-0.03968253968253965
2011-05-11,1234.0,1234.0,1234.0,1235.0,58546.0,-0.14944903581267222
2011-05-12,1097.0,1166.0,1067.0,1153.0,887932.0,-0.06639676113360327
2011-05-13,1127.0,1204.0,1093.0,1192.0,333229.0,0.033824804856894986
2011-05-16,1178.0,1200.0,1136.0,1192.0,67621.0,0.0
2011-05-17,1191.0,1191.0,1097.0,1111.0,141998.0,-0.06795302013422821
2011-05-18,1093.0,1196.0,1033.0,1196.0,338126.0,0.0765076507650766
2011-05-19,1196.0,1204.0,1089.0,1145.0,127131.0,-0.04264214046822745
2011-05-20,1123.0,1221.0,1123.0,1205.0,123958.0,0.05240174672489073
2011-05-23,1174.0,1196.0,1110.0,1145.0,111084.0,-0.049792531120331995
2011-05-24,1119.0,1174.0,1119.0,1175.0,71731.0,0.026200873362445476
2011-05-25,1187.0,1213.0,1149.0,1166.0,103799.0,-0.007659574468085073
2011-05-26,1157.0,1208.0,1157.0,1183.0,98230.0,0.014579759862778818
2011-05-27,1161.0,1191.0,1144.0,1162.0,42175.0,-0.017751479289940808
2011-05-30,1178.0,1178.0,1106.0,1141.0,84732.0,-0.01807228915662651
2011-05-31,1127.0,1149.0,1089.0,1115.0,69217.0,-0.022787028921998242
2011-06-01,1149.0,1149.0,1042.0,1098.0,123454.0,-0.015246636771300448
2011-06-02,1093.0,1136.0,1038.0,1102.0,86677.0,0.0036429872495447047
2011-06-03,1114.0,1114.0,1046.0,1094.0,121445.0,-0.007259528130671544
2011-06-07,1072.0,1153.0,1059.0,1072.0,221481.0,-0.020109689213894
2011-06-08,1050.0,1136.0,973.0,1085.0,466337.0,0.012126865671641784
2011-06-09,1125.0,1235.0,1090.0,1230.0,354941.0,0.13364055299539168
2011-06-10,1170.0,1225.0,1150.0,1200.0,160988.0,-0.024390243902439046
2011-06-13,1170.0,1225.0,1130.0,1160.0,232104.0,-0.033333333333333326
2011-06-14,1160.0,1165.0,1065.0,1120.0,168530.0,-0.03448275862068961
2011-06-15,1115.0,1115.0,1010.0,1090.0,261713.0,-0.0267857142857143
2011-06-16,1050.0,1085.0,1045.0,1060.0,44133.0,-0.02752293577981646
2011-06-17,1080.0,1090.0,1050.0,1050.0,85991.0,-0.009433962264150941
2011-06-20,1050.0,1090.0,1040.0,1080.0,39478.0,0.02857142857142847
2011-06-21,1055.0,1120.0,1035.0,1080.0,107907.0,0.0
2011-06-22,1070.0,1090.0,1040.0,1050.0,62193.0,-0.02777777777777779
2011-06-23,1060.0,1100.0,1050.0,1080.0,122994.0,0.02857142857142847
2011-06-24,1120.0,1120.0,1060.0,1080.0,82537.0,0.0
2011-06-27,1090.0,1115.0,1035.0,1090.0,186954.0,0.0092592592592593
2011-06-28,1145.0,1250.0,1105.0,1250.0,1452693.0,0.14678899082568808
2011-06-29,1290.0,1305.0,1100.0,1180.0,1212958.0,-0.05600000000000005
2011-06-30,1150.0,1195.0,1110.0,1160.0,554375.0,-0.016949152542372836
2011-07-01,1190.0,1190.0,1090.0,1125.0,371083.0,-0.030172413793103425
2011-07-04,1090.0,1120.0,1010.0,1110.0,741651.0,-0.013333333333333308
2011-07-05,1110.0,1115.0,1065.0,1095.0,237185.0,-0.013513513513513487
2011-07-06,1080.0,1105.0,1050.0,1100.0,233868.0,0.004566210045662045
2011-07-07,1095.0,1110.0,1045.0,1100.0,327738.0,0.0
2011-07-08,1085.0,1140.0,1070.0,1105.0,700041.0,0.00454545454545463
2011-07-11,1120.0,1220.0,1085.0,1185.0,1206788.0,0.07239819004524883
2011-07-12,1185.0,1215.0,1135.0,1215.0,544896.0,0.025316455696202445
2011-07-13,1190.0,1240.0,1135.0,1175.0,448037.0,-0.03292181069958844
2011-07-14,1145.0,1175.0,1130.0,1165.0,311200.0,-0.008510638297872353
2011-07-15,1165.0,1165.0,995.0,1000.0,1344520.0,-0.14163090128755362
2011-07-18,981.0,991.0,911.0,968.0,1045584.0,-0.03200000000000003
2011-07-19,952.0,992.0,950.0,965.0,629294.0,-0.0030991735537190257
2011-07-20,972.0,1055.0,964.0,991.0,669595.0,0.02694300518134707
2011-07-21,981.0,1010.0,981.0,989.0,229181.0,-0.0020181634712411745
2011-07-22,1010.0,1015.0,985.0,1000.0,221961.0,0.011122345803842304
2011-07-25,1020.0,1020.0,997.0,1005.0,217151.0,0.004999999999999893
2011-07-26,1000.0,1045.0,996.0,1010.0,727318.0,0.004975124378109541
2011-07-27,1010.0,1040.0,949.0,1000.0,936927.0,-0.00990099009900991
2011-07-28,997.0,997.0,952.0,959.0,278087.0,-0.041000000000000036
2011-07-29,959.0,959.0,909.0,919.0,398487.0,-0.04171011470281538
2011-08-01,920.0,920.0,870.0,870.0,512420.0,-0.053318824809575616
2011-08-02,868.0,913.0,868.0,882.0,368698.0,0.01379310344827589
2011-08-03,882.0,913.0,850.0,913.0,445092.0,0.035147392290249435
2011-08-04,913.0,945.0,878.0,939.0,539261.0,0.028477546549835697
2011-08-05,799.0,799.0,799.0,799.0,424025.0,-0.14909478168264112
2011-08-08,730.0,745.0,680.0,680.0,1656985.0,-0.14893617021276595
2011-08-09,604.0,637.0,578.0,637.0,1019675.0,-0.06323529411764706
2011-08-10,670.0,687.0,645.0,659.0,1035551.0,0.03453689167974883
2011-08-11,610.0,755.0,601.0,702.0,1321945.0,0.06525037936267064
2011-08-12,712.0,730.0,690.0,713.0,975420.0,0.015669515669515688
2011-08-16,718.0,747.0,702.0,737.0,1125607.0,0.033660589060308554
2011-08-17,733.0,780.0,720.0,756.0,1317614.0,0.02578018995929443
2011-08-18,771.0,814.0,747.0,763.0,6525927.0,0.0092592592592593
2011-08-19,735.0,779.0,703.0,750.0,2298648.0,-0.017038007863695914
2011-08-22,748.0,765.0,660.0,690.0,1269903.0,-0.07999999999999996
2011-08-23,691.0,770.0,683.0,770.0,1338128.0,0.11594202898550732
2011-08-24,783.0,788.0,736.0,736.0,1290759.0,-0.04415584415584417
2011-08-25,750.0,791.0,737.0,774.0,3400421.0,0.05163043478260865
2011-08-26,776.0,830.0,761.0,769.0,2571513.0,-0.006459948320413411
2011-08-29,805.0,805.0,763.0,770.0,926239.0,0.0013003901170351995
2011-08-30,770.0,773.0,723.0,757.0,1719947.0,-0.016883116883116833
2011-08-31,726.0,738.0,695.0,695.0,1707457.0,-0.0819022457067371
2011-09-01,709.0,774.0,700.0,753.0,2171279.0,0.08345323741007205
2011-09-02,748.0,753.0,721.0,728.0,688753.0,-0.033200531208499307
2011-09-05,715.0,728.0,699.0,702.0,525447.0,-0.0357142857142857
2011-09-06,685.0,699.0,645.0,675.0,740085.0,-0.038461538461538436
2011-09-07,700.0,719.0,676.0,705.0,656852.0,0.04444444444444451
2011-09-08,711.0,718.0,683.0,697.0,300111.0,-0.01134751773049647
2011-09-09,687.0,728.0,687.0,719.0,517515.0,0.031563845050215145
2011-09-14,712.0,727.0,663.0,665.0,600973.0,-0.07510431154381081
2011-09-15,683.0,702.0,647.0,689.0,471866.0,0.03609022556390973
2011-09-16,686.0,719.0,681.0,706.0,552687.0,0.02467343976777947
2011-09-19,706.0,707.0,680.0,684.0,510489.0,-0.031161473087818692
2011-09-20,673.0,700.0,672.0,681.0,427864.0,-0.004385964912280715
2011-09-21,693.0,693.0,673.0,674.0,608370.0,-0.01027900146842875
2011-09-22,666.0,680.0,644.0,647.0,654364.0,-0.0400593471810089
2011-09-23,619.0,619.0,575.0,586.0,734977.0,-0.09428129829984544
2011-09-26,589.0,592.0,499.0,506.0,1187466.0,-0.13651877133105805
2011-09-27,581.0,581.0,581.0,581.0,1383583.0,0.14822134387351782
2011-09-28,591.0,667.0,562.0,562.0,3688759.0,-0.03270223752151458
2011-09-29,545.0,580.0,525.0,557.0,1288209.0,-0.008896797153024938
2011-09-30,560.0,573.0,547.0,563.0,491456.0,0.010771992818671361
2011-10-04,528.0,538.0,494.0,523.0,831012.0,-0.0710479573712256
2011-10-05,522.0,601.0,500.0,560.0,2096527.0,0.07074569789674956
2011-10-06,592.0,620.0,560.0,582.0,925742.0,0.03928571428571437
2011-10-07,594.0,611.0,563.0,582.0,972663.0,0.0
2011-10-10,580.0,601.0,565.0,600.0,402787.0,0.030927835051546282
2011-10-11,606.0,650.0,593.0,603.0,823909.0,0.004999999999999893
2011-10-12,618.0,693.0,568.0,693.0,2756844.0,0.14925373134328357
2011-10-13,732.0,796.0,697.0,779.0,4738589.0,0.12409812409812404
2011-10-14,760.0,780.0,733.0,754.0,1983998.0,-0.03209242618741981
2011-10-17,740.0,775.0,723.0,742.0,1515333.0,-0.01591511936339518
2011-10-18,725.0,853.0,691.0,853.0,5514024.0,0.1495956873315365
2011-10-19,950.0,980.0,924.0,980.0,4971196.0,0.14888628370457213
2011-10-20,1045.0,1050.0,833.0,838.0,16339301.0,-0.14489795918367343
2011-10-21,845.0,871.0,731.0,800.0,6402492.0,-0.04534606205250602
2011-10-24,753.0,818.0,717.0,731.0,4048896.0,-0.08625000000000005
2011-10-25,750.0,784.0,725.0,750.0,3331830.0,0.025991792065663377
2011-10-26,728.0,745.0,712.0,725.0,2511137.0,-0.033333333333333326
2011-10-27,732.0,735.0,635.0,695.0,4191106.0,-0.04137931034482756
2011-10-28,591.0,609.0,591.0,591.0,4443409.0,-0.14964028776978422
2011-10-31,575.0,590.0,532.0,564.0,2797503.0,-0.045685279187817285
2011-11-01,560.0,576.0,540.0,562.0,1584795.0,-0.0035460992907800915
2011-11-02,550.0,593.0,505.0,583.0,1818766.0,0.03736654804270456
2011-11-03,591.0,598.0,540.0,550.0,1976888.0,-0.05660377358490565
2011-11-04,556.0,630.0,546.0,560.0,4531491.0,0.018181818181818077
2011-11-07,565.0,574.0,549.0,563.0,1434418.0,0.005357142857142838
2011-11-08,567.0,625.0,531.0,577.0,4846388.0,0.0248667850799289
2011-11-09,583.0,587.0,557.0,557.0,1325304.0,-0.03466204506065862
2011-11-10,525.0,527.0,490.0,507.0,2919952.0,-0.08976660682226212
2011-11-11,504.0,514.0,493.0,493.0,1452423.0,-0.027613412228796874
2011-11-14,498.0,510.0,487.0,498.0,1537381.0,0.010141987829614507
2011-11-15,495.0,525.0,491.0,509.0,1943046.0,0.02208835341365467
2011-11-16,518.0,520.0,490.0,499.0,1210147.0,-0.01964636542239684
2011-11-17,496.0,510.0,490.0,500.0,804872.0,0.002004008016031955
2011-11-18,499.0,524.0,495.0,507.0,2109094.0,0.014000000000000012
2011-11-21,518.0,579.0,515.0,565.0,4426867.0,0.1143984220907297
2011-11-22,555.0,593.0,537.0,550.0,2949269.0,-0.026548672566371723
2011-11-23,560.0,609.0,549.0,598.0,6202090.0,0.08727272727272717
2011-11-24,586.0,609.0,574.0,588.0,2829401.0,-0.01672240802675584
2011-11-25,536.0,545.0,500.0,505.0,5878978.0,-0.141156462585034
2011-11-28,506.0,511.0,454.0,475.0,2808020.0,-0.05940594059405946
2011-11-29,475.0,493.0,475.0,485.0,1144662.0,0.021052631578947434
2011-11-30,485.0,505.0,479.0,479.0,2332379.0,-0.012371134020618513
2011-12-01,408.0,422.0,408.0,408.0,4070389.0,-0.1482254697286013
2011-12-02,353.0,403.0,353.0,391.0,4068164.0,-0.04166666666666663
2011-12-05,390.0,418.0,385.0,407.0,2106897.0,0.04092071611253201
2011-12-06,416.0,416.0,381.0,410.0,1804182.0,0.0073710073710073765
2011-12-07,412.0,425.0,397.0,405.0,2252952.0,-0.012195121951219523
2011-12-08,400.0,408.0,398.0,403.0,1044987.0,-0.004938271604938316
2011-12-09,403.0,420.0,380.0,401.0,1716130.0,-0.00496277915632759
2011-12-12,402.0,410.0,392.0,395.0,1251268.0,-0.014962593516209433
2011-12-13,394.0,400.0,375.0,396.0,1564002.0,0.0025316455696202667
2011-12-14,396.0,445.0,387.0,413.0,3463161.0,0.04292929292929304
2011-12-15,415.0,474.0,405.0,474.0,6520726.0,0.14769975786924938
2011-12-16,500.0,504.0,432.0,450.0,6818252.0,-0.05063291139240511
2011-12-19,450.0,450.0,383.0,412.0,2810204.0,-0.08444444444444443
2011-12-20,410.0,473.0,401.0,473.0,4118856.0,0.1480582524271845
2011-12-21,500.0,543.0,485.0,515.0,9116581.0,0.08879492600422823
2011-12-22,503.0,544.0,495.0,520.0,3092576.0,0.009708737864077666
2011-12-23,521.0,589.0,505.0,571.0,5867895.0,0.09807692307692317
2011-12-26,569.0,653.0,541.0,630.0,7695499.0,0.10332749562171628
2011-12-27,630.0,692.0,600.0,621.0,7184438.0,-0.014285714285714235
2011-12-28,621.0,680.0,621.0,660.0,5177250.0,0.06280193236714982
2011-12-29,670.0,759.0,670.0,759.0,8880403.0,0.1499999999999999
2012-01-02,820.0,872.0,815.0,872.0,5912112.0,0.1488801054018445
2012-01-03,870.0,987.0,775.0,953.0,23109299.0,0.09288990825688082
2012-01-04,940.0,1070.0,898.0,1050.0,12505536.0,0.10178384050367262
2012-01-05,1000.0,1160.0,978.0,1015.0,14638016.0,-0.033333333333333326
2012-01-06,1015.0,1045.0,877.0,898.0,19325324.0,-0.11527093596059113
2012-01-09,840.0,992.0,785.0,913.0,15925409.0,0.016703786191536674
2012-01-10,900.0,965.0,899.0,960.0,7611889.0,0.05147864184008766
2012-01-11,1010.0,1100.0,971.0,1100.0,11681186.0,0.14583333333333326
2012-01-12,1040.0,1160.0,990.0,1070.0,13196449.0,-0.027272727272727226
2012-01-13,1020.0,1115.0,997.0,1010.0,6122338.0,-0.05607476635514019
2012-01-16,985.0,1005.0,910.0,910.0,6352658.0,-0.09900990099009899
2012-01-17,791.0,975.0,791.0,879.0,20591782.0,-0.034065934065934056
2012-01-18,855.0,875.0,748.0,748.0,16497226.0,-0.14903299203640497
2012-01-19,755.0,813.0,740.0,740.0,10045910.0,-0.010695187165775444
2012-01-20,750.0,752.0,632.0,632.0,12331334.0,-0.1459459459459459
2012-01-25,640.0,696.0,600.0,665.0,8052953.0,0.05221518987341778
2012-01-26,669.0,764.0,669.0,764.0,11499441.0,0.1488721804511277
2012-01-27,771.0,865.0,760.0,765.0,11575504.0,0.0013089005235602524
2012-01-30,758.0,769.0,678.0,695.0,8554473.0,-0.09150326797385622
2012-01-31,718.0,735.0,700.0,717.0,5049962.0,0.031654676258992875
2012-02-01,675.0,728.0,652.0,703.0,4838281.0,-0.019525801952580246
2012-02-02,713.0,759.0,698.0,708.0,4951346.0,0.007112375533428139
2012-02-03,709.0,714.0,670.0,680.0,4537999.0,-0.039548022598870025
2012-02-06,681.0,689.0,654.0,656.0,2972730.0,-0.03529411764705881
2012-02-07,650.0,728.0,644.0,696.0,5988201.0,0.060975609756097615
2012-02-08,706.0,718.0,667.0,670.0,4464758.0,-0.03735632183908044
2012-02-09,665.0,690.0,655.0,658.0,2926290.0,-0.017910447761193993
2012-02-10,667.0,713.0,665.0,690.0,4508765.0,0.04863221884498481
2012-02-13,690.0,793.0,690.0,793.0,7715408.0,0.14927536231884053
2012-02-14,810.0,906.0,810.0,863.0,14033918.0,0.08827238335435061
2012-02-15,900.0,900.0,790.0,798.0,7563600.0,-0.07531865585168018
2012-02-16,809.0,852.0,767.0,768.0,6001307.0,-0.03759398496240607
2012-02-17,770.0,800.0,743.0,768.0,4985475.0,0.0
2012-02-20,756.0,756.0,710.0,712.0,6246865.0,-0.07291666666666663
2012-02-21,735.0,818.0,728.0,818.0,6125934.0,0.148876404494382
2012-02-22,859.0,940.0,850.0,902.0,21065157.0,0.10268948655256716
2012-02-23,916.0,1000.0,825.0,900.0,23333907.0,-0.0022172949002217113
2012-02-24,900.0,970.0,850.0,860.0,11045324.0,-0.0444444444444444
2012-02-27,825.0,900.0,810.0,814.0,7844328.0,-0.05348837209302326
2012-02-28,849.0,849.0,794.0,796.0,4891560.0,-0.02211302211302213
2012-02-29,792.0,829.0,764.0,798.0,5817177.0,0.002512562814070307
2012-03-02,820.0,906.0,801.0,885.0,10908390.0,0.10902255639097747
2012-03-05,753.0,753.0,753.0,753.0,1760301.0,-0.14915254237288134
2012-03-06,641.0,721.0,641.0,696.0,38151369.0,-0.07569721115537853
2012-03-07,723.0,785.0,705.0,747.0,28102832.0,0.07327586206896552
2012-03-08,735.0,763.0,721.0,723.0,14444776.0,-0.032128514056224855
2012-03-09,723.0,737.0,674.0,691.0,15686835.0,-0.04426002766251724
2012-03-12,736.0,736.0,691.0,704.0,16472591.0,0.01881331403762654
2012-03-13,652.0,685.0,650.0,667.0,11795537.0,-0.05255681818181823
2012-03-14,673.0,677.0,596.0,611.0,15723191.0,-0.08395802098950522
2012-03-15,602.0,611.0,554.0,565.0,11726111.0,-0.07528641571194761
2012-03-16,481.0,481.0,481.0,481.0,1275594.0,-0.14867256637168147
2012-03-19,409.0,530.0,409.0,452.0,76465496.0,-0.06029106029106024
2012-03-20,0.0,0.0,0.0,452.0,0.0,0.0
2012-03-21,0.0,0.0,0.0,452.0,0.0,0.0
2012-03-22,0.0,0.0,0.0,452.0,0.0,0.0
2012-03-23,0.0,0.0,0.0,452.0,0.0,0.0
2012-03-26,0.0,0.0,0.0,452.0,0.0,0.0
2012-03-27,0.0,0.0,0.0,452.0,0.0,0.0
2012-03-28,0.0,0.0,0.0,452.0,0.0,0.0
2012-03-29,0.0,0.0,0.0,452.0,0.0,0.0
2012-03-30,0.0,0.0,0.0,452.0,0.0,0.0
2012-04-02,0.0,0.0,0.0,452.0,0.0,0.0
2012-04-03,0.0,0.0,0.0,452.0,0.0,0.0
2012-04-04,0.0,0.0,0.0,452.0,0.0,0.0
2012-04-05,0.0,0.0,0.0,452.0,0.0,0.0
2012-04-06,0.0,0.0,0.0,452.0,0.0,0.0
2012-04-09,0.0,0.0,0.0,452.0,0.0,0.0
2012-04-10,0.0,0.0,0.0,452.0,0.0,0.0
2012-04-12,0.0,0.0,0.0,452.0,0.0,0.0
2012-04-13,0.0,0.0,0.0,452.0,0.0,0.0
2012-04-16,0.0,0.0,0.0,452.0,0.0,0.0
2012-04-17,0.0,0.0,0.0,452.0,0.0,0.0
2012-04-18,0.0,0.0,0.0,452.0,0.0,0.0
2012-04-19,0.0,0.0,0.0,452.0,0.0,0.0
2012-04-20,0.0,0.0,0.0,452.0,0.0,0.0
2012-04-23,0.0,0.0,0.0,452.0,0.0,0.0
2012-04-24,0.0,0.0,0.0,452.0,0.0,0.0
2012-04-25,0.0,0.0,0.0,452.0,0.0,0.0
2012-04-26,0.0,0.0,0.0,452.0,0.0,0.0
2012-04-27,0.0,0.0,0.0,452.0,0.0,0.0
2012-04-30,0.0,0.0,0.0,452.0,0.0,0.0
2012-05-02,0.0,0.0,0.0,452.0,0.0,0.0
2012-05-03,0.0,0.0,0.0,452.0,0.0,0.0
2012-05-04,0.0,0.0,0.0,452.0,0.0,0.0
2012-05-07,0.0,0.0,0.0,452.0,0.0,0.0
2012-05-08,0.0,0.0,0.0,452.0,0.0,0.0
2012-05-09,0.0,0.0,0.0,452.0,0.0,0.0
2012-05-10,0.0,0.0,0.0,452.0,0.0,0.0
2012-05-11,0.0,0.0,0.0,452.0,0.0,0.0
2012-05-14,0.0,0.0,0.0,452.0,0.0,0.0
2012-05-15,0.0,0.0,0.0,452.0,0.0,0.0
2012-05-16,0.0,0.0,0.0,452.0,0.0,0.0
2012-05-17,0.0,0.0,0.0,452.0,0.0,0.0
2012-05-18,0.0,0.0,0.0,452.0,0.0,0.0
2012-05-21,0.0,0.0,0.0,452.0,0.0,0.0
2012-05-22,0.0,0.0,0.0,452.0,0.0,0.0
2012-05-23,0.0,0.0,0.0,452.0,0.0,0.0
2012-05-24,0.0,0.0,0.0,452.0,0.0,0.0
2012-05-25,0.0,0.0,0.0,452.0,0.0,0.0
2012-05-29,0.0,0.0,0.0,452.0,0.0,0.0
2012-05-30,0.0,0.0,0.0,452.0,0.0,0.0
2012-05-31,0.0,0.0,0.0,452.0,0.0,0.0
2012-06-01,0.0,0.0,0.0,452.0,0.0,0.0
2012-06-04,0.0,0.0,0.0,452.0,0.0,0.0
2012-06-05,0.0,0.0,0.0,452.0,0.0,0.0
2012-06-07,0.0,0.0,0.0,452.0,0.0,0.0
2012-06-08,0.0,0.0,0.0,452.0,0.0,0.0
2012-06-11,0.0,0.0,0.0,452.0,0.0,0.0
2012-06-12,0.0,0.0,0.0,452.0,0.0,0.0
2012-06-13,0.0,0.0,0.0,452.0,0.0,0.0
2012-06-14,0.0,0.0,0.0,452.0,0.0,0.0
2012-06-15,0.0,0.0,0.0,452.0,0.0,0.0
2012-06-18,0.0,0.0,0.0,452.0,0.0,0.0
2012-06-19,0.0,0.0,0.0,452.0,0.0,0.0
2012-06-20,0.0,0.0,0.0,452.0,0.0,0.0
2012-06-21,0.0,0.0,0.0,452.0,0.0,0.0
2012-06-22,0.0,0.0,0.0,452.0,0.0,0.0
2012-06-25,0.0,0.0,0.0,452.0,0.0,0.0
2012-06-26,0.0,0.0,0.0,452.0,0.0,0.0
2012-06-27,0.0,0.0,0.0,452.0,0.0,0.0
2012-06-28,0.0,0.0,0.0,452.0,0.0,0.0
2012-06-29,0.0,0.0,0.0,452.0,0.0,0.0
2012-07-02,0.0,0.0,0.0,452.0,0.0,0.0
2012-07-03,0.0,0.0,0.0,452.0,0.0,0.0
2012-07-04,0.0,0.0,0.0,452.0,0.0,0.0
2012-07-05,0.0,0.0,0.0,452.0,0.0,0.0
2012-07-06,0.0,0.0,0.0,452.0,0.0,0.0
2012-07-09,0.0,0.0,0.0,452.0,0.0,0.0
2012-07-10,0.0,0.0,0.0,452.0,0.0,0.0
2012-07-11,0.0,0.0,0.0,452.0,0.0,0.0
2012-07-12,0.0,0.0,0.0,452.0,0.0,0.0
2012-07-13,230.0,230.0,165.0,176.0,6596988.0,-0.6106194690265487
2012-07-16,177.0,177.0,126.0,135.0,4191003.0,-0.23295454545454541
2012-07-17,115.0,120.0,105.0,108.0,2536846.0,-0.19999999999999996
2012-07-18,117.0,147.0,97.0,97.0,4418621.0,-0.10185185185185186
2012-07-19,95.0,95.0,55.0,56.0,3281698.0,-0.4226804123711341
2012-07-20,60.0,60.0,37.0,37.0,3586921.0,-0.3392857142857143
2012-07-23,32.0,40.0,32.0,35.0,3400182.0,-0.05405405405405406
